date,temp_max,temp_min,precipitation,wind_speed_max,temp_mean
2020-01-01,9.0,2.3,0.0,12.1,5.65
2020-01-02,10.9,0.9,0.0,7.6,5.9
2020-01-03,11.6,1.1,0.0,5.5,6.35
2020-01-04,10.1,3.0,0.1,10.8,6.55
2020-01-05,8.6,1.8,0.7,11.5,5.2
2020-01-06,10.9,1.5,0.0,10.2,6.2
2020-01-07,7.7,1.5,4.3,5.4,4.6
2020-01-08,8.8,3.2,8.2,9.0,6.0
2020-01-09,12.8,4.3,0.0,11.8,8.55
2020-01-10,10.9,3.8,0.0,7.6,7.35
2020-01-11,10.4,2.2,0.0,6.2,6.300000000000001
2020-01-12,8.7,2.3,0.0,4.7,5.5
2020-01-13,12.1,1.6,0.0,5.7,6.85
2020-01-14,11.1,3.2,0.0,6.4,7.15
2020-01-15,9.6,4.1,7.5,8.2,6.85
2020-01-16,9.2,2.5,0.0,7.8,5.85
2020-01-17,9.1,3.0,0.0,5.8,6.05
2020-01-18,5.2,1.4,3.2,10.8,3.3
2020-01-19,9.2,0.5,0.0,6.2,4.85
2020-01-20,12.2,0.4,0.0,6.4,6.3
2020-01-21,9.4,3.0,0.0,14.5,6.2
2020-01-22,8.2,-0.4,0.0,8.0,3.899999999999999
2020-01-23,6.8,2.0,5.5,5.8,4.4
2020-01-24,13.0,3.8,0.0,11.4,8.4
2020-01-25,9.6,4.2,0.0,11.6,6.9
2020-01-26,6.3,2.0,2.5,5.2,4.15
2020-01-27,6.4,1.2,3.0,9.0,3.8
2020-01-28,7.9,1.7,37.9,12.1,4.8
2020-01-29,17.4,7.8,50.2,17.7,12.6
2020-01-30,16.2,5.8,0.0,10.9,11.0
2020-01-31,9.8,3.7,0.0,15.6,6.75
2020-02-01,10.7,1.4,0.0,10.2,6.05
2020-02-02,11.2,2.5,0.0,8.4,6.85
2020-02-03,13.9,3.0,0.0,8.4,8.45
2020-02-04,10.6,2.5,0.0,7.6,6.55
2020-02-05,12.9,0.9,0.0,15.3,6.9
2020-02-06,3.5,-1.3,0.0,16.4,1.1
2020-02-07,6.4,-3.7,0.0,4.7,1.35
2020-02-08,10.8,-0.3,0.0,11.3,5.25
2020-02-09,5.6,0.3,0.0,12.9,2.9499999999999997
2020-02-10,9.3,-1.5,0.0,7.5,3.9
2020-02-11,9.9,0.2,0.0,9.2,5.05
2020-02-12,15.3,0.1,0.0,9.8,7.7
2020-02-13,17.4,5.5,0.9,6.1,11.45
2020-02-14,14.6,4.9,0.6,5.4,9.75
2020-02-15,15.8,4.5,0.0,7.0,10.15
2020-02-16,8.6,4.9,14.1,4.5,6.75
2020-02-17,15.1,5.8,1.2,9.1,10.45
2020-02-18,10.5,3.5,0.0,9.8,7.0
2020-02-19,11.4,2.9,0.0,10.6,7.15
2020-02-20,11.8,2.5,0.2,5.4,7.15
2020-02-21,12.8,3.8,0.6,7.3,8.3
2020-02-22,15.9,4.3,4.0,13.5,10.1
2020-02-23,12.9,4.6,0.0,13.4,8.75
2020-02-24,13.7,1.8,0.0,6.6,7.75
2020-02-25,13.0,4.6,0.6,7.1,8.8
2020-02-26,10.6,5.5,6.0,8.3,8.05
2020-02-27,9.8,2.5,0.2,15.5,6.15
2020-02-28,9.8,0.6,0.0,8.7,5.2
2020-02-29,12.4,3.3,1.0,5.0,7.85
2020-03-01,16.3,5.4,1.9,8.2,10.85
2020-03-02,9.9,5.0,4.6,9.0,7.45
2020-03-03,15.6,2.2,0.0,10.9,8.9
2020-03-04,9.3,5.8,4.1,7.0,7.550000000000001
2020-03-05,12.4,5.0,4.2,18.8,8.7
2020-03-06,13.1,3.2,0.0,9.7,8.15
2020-03-07,10.4,4.0,0.0,6.3,7.2
2020-03-08,8.4,4.9,3.3,8.8,6.65
2020-03-09,17.9,7.2,0.0,9.4,12.55
2020-03-10,15.0,10.2,18.2,8.9,12.6
2020-03-11,18.9,9.1,0.0,12.6,14.0
2020-03-12,14.4,5.2,0.0,10.8,9.8
2020-03-13,18.0,3.6,0.0,8.3,10.8
2020-03-14,8.9,1.5,22.9,8.2,5.2
2020-03-15,10.4,1.4,0.0,8.5,5.9
2020-03-16,12.4,2.5,0.0,20.6,7.45
2020-03-17,11.9,0.1,0.0,9.8,6.0
2020-03-18,16.8,4.7,0.0,8.4,10.75
2020-03-19,20.1,3.4,3.7,15.3,11.75
2020-03-20,17.4,7.6,0.1,17.6,12.5
2020-03-21,20.6,3.8,0.0,10.2,12.2
2020-03-22,23.4,5.6,0.0,13.9,14.5
2020-03-23,13.9,7.8,0.0,9.9,10.85
2020-03-24,10.2,4.5,0.0,14.7,7.35
2020-03-25,14.0,1.6,0.0,7.5,7.8
2020-03-26,18.2,4.4,0.0,6.8,11.3
2020-03-27,18.9,5.2,0.9,14.7,12.05
2020-03-28,19.7,8.1,4.8,10.6,13.9
2020-03-29,7.7,0.9,50.6,10.7,4.3
2020-03-30,10.6,3.6,0.0,5.4,7.1
2020-03-31,10.7,6.2,0.0,5.7,8.45
2020-04-01,12.3,8.1,19.4,8.4,10.2
2020-04-02,17.4,8.6,0.1,16.4,13.0
2020-04-03,16.6,5.9,0.0,9.7,11.25
2020-04-04,20.1,6.2,0.0,11.1,13.15
2020-04-05,13.6,5.2,0.0,10.5,9.4
2020-04-06,17.0,4.9,0.0,8.1,10.95
2020-04-07,15.9,6.6,0.0,6.5,11.25
2020-04-08,18.8,6.1,0.0,8.7,12.45
2020-04-09,17.2,7.9,1.1,12.0,12.55
2020-04-10,14.2,6.9,0.0,12.8,10.55
2020-04-11,14.4,7.1,2.2,8.2,10.75
2020-04-12,13.4,7.4,7.3,7.9,10.4
2020-04-13,10.9,5.2,96.8,14.4,8.05
2020-04-14,15.2,5.6,0.6,15.5,10.4
2020-04-15,19.4,5.1,0.0,11.3,12.25
2020-04-16,15.8,8.3,0.4,9.1,12.05
2020-04-17,15.4,7.9,0.0,8.9,11.65
2020-04-18,17.9,11.1,94.1,14.7,14.5
2020-04-19,20.8,8.9,0.1,14.2,14.85
2020-04-20,10.6,8.9,10.8,7.4,9.75
2020-04-21,18.1,7.7,0.0,7.4,12.9
2020-04-22,18.2,10.6,0.0,11.2,14.4
2020-04-23,14.8,8.6,1.4,9.4,11.7
2020-04-24,16.1,8.1,1.1,12.9,12.1
2020-04-25,16.5,6.2,0.0,12.8,11.35
2020-04-26,22.6,13.4,0.0,14.3,18.0
2020-04-27,16.0,10.1,12.5,7.3,13.05
2020-04-28,16.6,8.4,0.7,6.5,12.5
2020-04-29,20.1,9.7,0.0,10.1,14.9
2020-04-30,22.6,9.9,0.0,9.4,16.25
2020-05-01,24.5,13.9,0.0,8.6,19.2
2020-05-02,26.7,13.1,0.0,9.2,19.9
2020-05-03,25.7,13.3,0.0,12.6,19.5
2020-05-04,20.1,16.2,2.6,9.1,18.15
2020-05-05,24.5,15.1,0.0,10.9,19.8
2020-05-06,19.0,13.7,20.9,8.7,16.35
2020-05-07,20.5,12.6,0.0,12.8,16.55
2020-05-08,20.9,9.0,0.0,10.5,14.95
2020-05-09,21.1,11.8,0.2,11.4,16.450000000000003
2020-05-10,24.4,17.0,1.3,13.8,20.7
2020-05-11,27.7,18.5,4.0,10.0,23.1
2020-05-12,24.9,17.0,0.0,8.4,20.95
2020-05-13,27.6,14.8,2.4,10.5,21.200000000000003
2020-05-14,25.0,13.0,0.0,10.5,19.0
2020-05-15,26.4,12.6,0.0,10.5,19.5
2020-05-16,20.4,16.0,19.9,10.2,18.2
2020-05-17,27.0,14.7,0.0,9.1,20.85
2020-05-18,20.5,16.6,0.4,4.7,18.55
2020-05-19,20.3,16.4,34.8,9.9,18.35
2020-05-20,17.0,12.9,1.7,7.6,14.95
2020-05-21,15.6,12.4,0.0,6.5,14.0
2020-05-22,19.0,13.1,0.1,7.6,16.05
2020-05-23,21.7,15.4,0.1,8.5,18.55
2020-05-24,24.1,15.3,0.0,10.5,19.700000000000003
2020-05-25,25.3,15.7,0.0,8.3,20.5
2020-05-26,22.5,16.5,7.4,6.8,19.5
2020-05-27,24.4,17.8,0.1,7.1,21.1
2020-05-28,23.2,17.0,2.3,8.9,20.1
2020-05-29,25.9,14.9,0.7,9.0,20.4
2020-05-30,26.5,14.8,0.4,10.5,20.65
2020-05-31,23.4,16.7,6.4,8.7,20.049999999999997
2020-06-01,20.0,17.5,1.4,3.7,18.75
2020-06-02,26.3,17.6,0.0,8.1,21.950000000000003
2020-06-03,28.3,19.2,0.0,8.0,23.75
2020-06-04,27.2,19.2,0.0,9.0,23.2
2020-06-05,28.7,18.1,0.0,10.9,23.4
2020-06-06,28.0,19.8,3.3,7.7,23.9
2020-06-07,25.2,18.6,3.3,7.9,21.9
2020-06-08,27.3,18.1,0.4,9.5,22.700000000000003
2020-06-09,30.5,18.5,0.0,9.8,24.5
2020-06-10,29.9,19.1,0.0,14.8,24.5
2020-06-11,28.6,22.6,25.3,15.5,25.6
2020-06-12,29.9,21.9,2.8,10.2,25.9
2020-06-13,23.2,19.5,28.0,8.2,21.35
2020-06-14,25.4,18.9,7.0,9.7,22.15
2020-06-15,31.8,20.4,1.3,8.7,26.1
2020-06-16,29.5,21.5,0.1,10.8,25.5
2020-06-17,27.0,19.0,0.0,10.7,23.0
2020-06-18,25.4,18.7,4.3,5.3,22.049999999999997
2020-06-19,19.9,18.9,21.9,6.9,19.4
2020-06-20,27.4,17.8,0.2,7.2,22.6
2020-06-21,24.5,20.1,1.4,7.0,22.3
2020-06-22,21.0,19.0,23.6,14.4,20.0
2020-06-23,24.7,19.1,10.9,10.4,21.9
2020-06-24,24.8,20.4,0.0,7.6,22.6
2020-06-25,23.5,19.5,10.1,6.1,21.5
2020-06-26,32.0,20.5,0.0,6.4,26.25
2020-06-27,29.5,22.0,0.0,9.2,25.75
2020-06-28,24.5,21.5,31.2,8.4,23.0
2020-06-29,28.2,20.3,0.0,9.5,24.25
2020-06-30,26.2,20.9,42.5,16.6,23.549999999999997
2020-07-01,27.3,24.9,32.1,16.7,26.1
2020-07-02,31.0,23.8,32.4,12.8,27.4
2020-07-03,27.0,21.8,4.7,7.5,24.4
2020-07-04,27.7,21.0,42.7,15.5,24.35
2020-07-05,28.0,21.6,3.9,10.4,24.8
2020-07-06,27.1,24.6,69.9,14.0,25.85
2020-07-07,28.7,25.9,49.7,15.1,27.299999999999997
2020-07-08,29.3,25.1,7.3,18.5,27.200000000000003
2020-07-09,27.1,23.1,42.0,12.0,25.1
2020-07-10,28.8,22.6,3.1,10.1,25.700000000000003
2020-07-11,29.2,25.3,5.4,13.8,27.25
2020-07-12,31.5,22.7,2.1,11.1,27.1
2020-07-13,23.5,20.8,7.6,7.9,22.15
2020-07-14,27.0,21.5,14.9,7.7,24.25
2020-07-15,23.1,20.2,1.4,7.6,21.65
2020-07-16,25.5,18.8,0.4,6.9,22.15
2020-07-17,21.1,19.6,22.7,6.5,20.35
2020-07-18,23.2,19.8,37.8,6.2,21.5
2020-07-19,30.8,21.0,0.7,9.5,25.9
2020-07-20,30.5,22.7,0.0,7.4,26.6
2020-07-21,27.8,22.9,2.5,7.0,25.35
2020-07-22,28.9,23.8,6.6,5.8,26.35
2020-07-23,25.0,22.5,11.7,5.1,23.75
2020-07-24,26.8,21.9,2.8,4.6,24.35
2020-07-25,27.7,22.9,18.8,8.0,25.299999999999997
2020-07-26,31.2,24.0,14.4,8.9,27.6
2020-07-27,30.5,24.8,4.7,9.3,27.65
2020-07-28,29.1,23.6,8.5,8.3,26.35
2020-07-29,25.4,21.9,1.2,5.9,23.65
2020-07-30,25.0,21.5,0.8,3.7,23.25
2020-07-31,28.7,22.0,8.8,6.0,25.35
2020-08-01,30.7,23.2,2.4,8.1,26.95
2020-08-02,29.5,22.4,0.0,6.7,25.95
2020-08-03,31.0,22.2,0.0,7.2,26.6
2020-08-04,31.3,23.9,0.0,7.3,27.6
2020-08-05,32.6,23.8,0.0,8.6,28.200000000000003
2020-08-06,32.5,23.4,0.0,10.9,27.95
2020-08-07,34.8,24.5,0.0,8.4,29.65
2020-08-08,32.0,25.0,0.0,8.1,28.5
2020-08-09,35.2,22.8,0.1,4.4,29.0
2020-08-10,33.3,24.9,0.0,6.9,29.1
2020-08-11,35.6,24.5,0.0,9.1,30.05
2020-08-12,33.6,25.8,2.9,6.4,29.700000000000003
2020-08-13,34.2,25.1,0.0,8.4,29.65
2020-08-14,32.5,24.6,0.0,8.9,28.55
2020-08-15,35.2,25.3,0.0,7.5,30.25
2020-08-16,34.2,26.4,1.1,8.4,30.3
2020-08-17,34.0,25.0,0.1,8.0,29.5
2020-08-18,32.4,25.5,0.3,8.4,28.95
2020-08-19,32.3,23.8,0.0,8.0,28.049999999999997
2020-08-20,33.5,23.4,0.0,8.6,28.45
2020-08-21,33.5,24.0,0.0,8.4,28.75
2020-08-22,33.9,24.0,0.3,8.0,28.95
2020-08-23,26.9,23.5,11.9,4.7,25.2
2020-08-24,31.0,23.0,0.7,8.1,27.0
2020-08-25,31.4,22.0,0.0,6.6,26.7
2020-08-26,32.0,23.4,0.0,7.7,27.7
2020-08-27,31.7,24.9,1.7,7.1,28.299999999999997
2020-08-28,33.2,24.9,1.1,8.4,29.05
2020-08-29,33.7,24.1,0.0,9.0,28.9
2020-08-30,33.7,24.2,0.0,8.7,28.950000000000003
2020-08-31,30.5,24.0,0.0,8.6,27.25
2020-09-01,27.4,22.5,0.0,6.6,24.95
2020-09-02,31.5,23.6,2.5,6.6,27.55
2020-09-03,32.2,25.9,3.2,10.5,29.05
2020-09-04,34.3,24.2,1.9,6.4,29.25
2020-09-05,31.5,23.9,1.1,7.5,27.7
2020-09-06,29.4,24.0,11.9,6.3,26.7
2020-09-07,31.2,24.4,12.0,13.0,27.799999999999997
2020-09-08,32.8,26.5,0.0,11.5,29.65
2020-09-09,32.6,24.4,0.0,8.9,28.5
2020-09-10,29.2,24.1,2.1,8.5,26.65
2020-09-11,30.1,22.4,2.0,7.6,26.25
2020-09-12,25.6,23.1,3.3,8.0,24.35
2020-09-13,28.1,21.7,16.5,7.0,24.9
2020-09-14,27.6,21.7,2.2,6.8,24.65
2020-09-15,27.1,20.9,0.1,5.3,24.0
2020-09-16,25.1,20.5,0.7,5.0,22.8
2020-09-17,27.8,21.0,0.0,6.3,24.4
2020-09-18,32.2,24.2,0.0,12.2,28.200000000000003
2020-09-19,25.4,21.5,0.8,6.7,23.45
2020-09-20,23.1,20.1,3.4,5.4,21.6
2020-09-21,25.5,19.7,0.5,8.2,22.6
2020-09-22,25.4,18.1,0.8,7.7,21.75
2020-09-23,20.8,19.7,15.2,10.1,20.25
2020-09-24,21.3,19.5,0.6,11.5,20.4
2020-09-25,20.6,19.1,5.0,10.8,19.85
2020-09-26,20.0,19.0,3.9,6.2,19.5
2020-09-27,23.6,18.5,0.1,5.2,21.05
2020-09-28,26.0,18.5,0.0,9.2,22.25
2020-09-29,22.4,17.5,0.0,10.0,19.95
2020-09-30,23.9,15.8,0.0,6.8,19.85
2020-10-01,21.9,17.1,2.6,6.1,19.5
2020-10-02,25.4,15.9,0.0,7.1,20.65
2020-10-03,25.3,16.7,0.0,5.9,21.0
2020-10-04,24.5,17.5,1.7,5.7,21.0
2020-10-05,23.4,18.5,1.0,5.1,20.95
2020-10-06,22.9,17.5,0.0,9.8,20.2
2020-10-07,21.5,15.6,13.8,8.4,18.55
2020-10-08,16.3,14.6,52.4,9.4,15.45
2020-10-09,16.5,14.9,22.2,9.4,15.7
2020-10-10,18.1,14.8,57.5,9.7,16.450000000000003
2020-10-11,22.6,18.1,0.2,9.1,20.35
2020-10-12,23.8,18.9,0.0,7.0,21.35
2020-10-13,24.4,17.6,0.0,6.5,21.0
2020-10-14,22.8,17.5,0.0,5.1,20.15
2020-10-15,18.6,15.8,0.1,7.9,17.200000000000003
2020-10-16,17.9,14.2,0.0,9.5,16.049999999999997
2020-10-17,14.8,12.1,27.8,7.3,13.45
2020-10-18,18.9,12.1,2.2,7.6,15.5
2020-10-19,17.6,11.6,10.2,6.1,14.6
2020-10-20,20.2,12.6,0.0,7.7,16.4
2020-10-21,19.5,11.6,0.0,8.5,15.55
2020-10-22,19.1,13.8,2.3,7.1,16.450000000000003
2020-10-23,17.0,15.1,6.7,7.4,16.05
2020-10-24,19.8,14.1,0.0,10.3,16.95
2020-10-25,20.0,10.8,0.0,8.2,15.4
2020-10-26,21.8,10.3,0.0,5.8,16.05
2020-10-27,19.3,13.6,0.0,5.9,16.45
2020-10-28,19.6,12.8,0.0,4.6,16.200000000000003
2020-10-29,20.5,12.2,0.0,8.8,16.35
2020-10-30,17.5,12.1,0.0,10.0,14.8
2020-10-31,17.6,10.1,0.0,7.3,13.85
2020-11-01,18.7,8.6,0.0,6.0,13.65
2020-11-02,19.0,11.2,9.5,4.2,15.1
2020-11-03,18.5,12.9,8.1,7.6,15.7
2020-11-04,17.1,11.1,0.0,11.6,14.1
2020-11-05,19.0,9.7,0.0,5.8,14.35
2020-11-06,17.7,9.1,0.0,4.6,13.4
2020-11-07,19.6,10.6,0.8,4.6,15.1
2020-11-08,22.2,13.8,0.4,10.3,18.0
2020-11-09,16.5,10.9,0.0,11.2,13.7
2020-11-10,15.3,8.4,0.0,10.0,11.85
2020-11-11,14.7,8.8,0.0,11.7,11.75
2020-11-12,13.6,6.3,0.0,6.9,9.95
2020-11-13,18.3,8.4,0.0,5.0,13.35
2020-11-14,19.8,10.2,0.0,8.8,15.0
2020-11-15,18.1,7.1,0.0,6.9,12.6
2020-11-16,20.9,8.5,0.0,6.8,14.7
2020-11-17,19.2,10.9,0.0,7.0,15.05
2020-11-18,21.1,9.0,0.0,7.2,15.05
2020-11-19,23.4,10.6,0.0,10.5,17.0
2020-11-20,23.2,18.1,0.5,13.9,20.65
2020-11-21,17.8,9.6,0.0,14.7,13.7
2020-11-22,19.0,6.3,0.0,11.3,12.65
2020-11-23,17.9,11.4,0.0,11.8,14.65
2020-11-24,11.6,9.5,0.0,8.0,10.55
2020-11-25,10.4,8.9,0.4,7.3,9.65
2020-11-26,17.3,6.1,0.0,6.2,11.7
2020-11-27,13.2,9.6,0.0,6.5,11.4
2020-11-28,15.4,7.4,0.0,12.1,11.4
2020-11-29,12.8,7.2,0.0,6.3,10.0
2020-11-30,14.1,4.4,0.0,4.8,9.25
2020-12-01,13.4,5.8,0.0,7.2,9.6
2020-12-02,8.9,6.2,0.8,6.8,7.550000000000001
2020-12-03,11.2,6.1,0.0,6.3,8.649999999999999
2020-12-04,12.3,5.8,0.0,9.2,9.05
2020-12-05,7.2,5.1,3.8,6.2,6.15
2020-12-06,13.3,4.8,0.0,5.4,9.05
2020-12-07,15.1,4.0,0.0,4.5,9.55
2020-12-08,15.1,4.9,0.0,9.2,10.0
2020-12-09,11.1,6.5,0.0,6.0,8.8
2020-12-10,11.0,5.8,0.0,6.8,8.4
2020-12-11,13.2,3.8,0.0,4.1,8.5
2020-12-12,14.2,6.3,0.0,4.8,10.25
2020-12-13,14.2,5.2,0.0,6.4,9.7
2020-12-14,10.4,5.4,0.0,10.5,7.9
2020-12-15,10.0,2.2,0.0,8.6,6.1
2020-12-16,8.0,0.8,0.0,7.7,4.4
2020-12-17,8.1,1.4,0.0,10.9,4.75
2020-12-18,11.1,0.1,0.0,4.8,5.6
2020-12-19,8.9,3.0,0.0,9.7,5.95
2020-12-20,7.4,0.9,0.0,10.4,4.15
2020-12-21,9.9,1.5,0.0,6.4,5.7
2020-12-22,11.1,0.2,0.0,5.2,5.6499999999999995
2020-12-23,12.6,1.4,0.0,4.9,7.0
2020-12-24,13.4,2.5,0.0,7.2,7.95
2020-12-25,12.0,4.9,0.0,9.0,8.45
2020-12-26,10.7,2.3,0.0,7.8,6.5
2020-12-27,11.5,2.6,0.0,5.2,7.05
2020-12-28,11.9,4.5,0.0,4.7,8.2
2020-12-29,12.5,2.2,0.0,5.2,7.35
2020-12-30,12.7,3.2,1.1,16.1,7.949999999999999
2020-12-31,5.9,0.5,0.0,10.8,3.2
2021-01-01,8.8,-0.6,0.0,5.1,4.1000000000000005
2021-01-02,10.0,-0.1,0.0,9.6,4.95
2021-01-03,7.3,0.3,0.0,4.6,3.8
2021-01-04,10.6,0.9,0.0,4.9,5.75
2021-01-05,9.8,1.8,0.0,4.9,5.800000000000001
2021-01-06,7.6,3.3,0.0,7.7,5.449999999999999
2021-01-07,11.6,1.6,0.0,15.4,6.6
2021-01-08,5.9,-0.8,0.0,6.9,2.5500000000000003
2021-01-09,6.6,-2.5,0.0,7.4,2.05
2021-01-10,6.8,-2.5,0.0,6.5,2.15
2021-01-11,6.0,-1.4,0.0,5.8,2.3
2021-01-12,4.6,1.1,1.0,6.0,2.8499999999999996
2021-01-13,10.9,0.6,0.0,4.7,5.75
2021-01-14,13.6,0.5,0.0,7.1,7.05
2021-01-15,7.9,2.7,0.0,5.5,5.300000000000001
2021-01-16,17.0,1.1,0.0,11.1,9.05
2021-01-17,7.4,3.3,0.0,9.3,5.35
2021-01-18,7.6,0.8,0.0,6.0,4.2
2021-01-19,5.8,0.4,0.0,13.2,3.1
2021-01-20,7.4,-0.6,0.0,9.7,3.4000000000000004
2021-01-21,9.4,-1.1,0.0,4.8,4.15
2021-01-22,13.5,0.1,0.0,4.5,6.8
2021-01-23,7.4,1.9,20.2,10.1,4.65
2021-01-24,6.2,1.0,15.7,11.0,3.6
2021-01-25,12.6,3.5,0.1,7.6,8.05
2021-01-26,9.8,0.5,0.0,5.5,5.15
2021-01-27,15.1,4.9,2.5,11.2,10.0
2021-01-28,6.6,1.8,10.3,7.7,4.2
2021-01-29,9.1,0.4,0.0,11.5,4.75
2021-01-30,7.4,-1.2,0.0,10.5,3.1
2021-01-31,9.8,-1.4,0.0,11.1,4.2
2021-02-01,10.4,0.9,0.0,9.9,5.65
2021-02-02,15.9,4.1,15.9,13.9,10.0
2021-02-03,9.9,-0.1,0.0,8.2,4.9
2021-02-04,12.9,-0.5,0.0,12.1,6.2
2021-02-05,10.6,0.4,0.0,5.8,5.5
2021-02-06,13.1,1.8,0.0,6.0,7.45
2021-02-07,15.1,1.2,0.0,9.4,8.15
2021-02-08,8.4,2.2,0.0,10.2,5.300000000000001
2021-02-09,7.6,-0.1,0.0,11.5,3.75
2021-02-10,10.5,-1.6,0.0,6.5,4.45
2021-02-11,12.4,0.8,0.0,12.9,6.6000000000000005
2021-02-12,11.2,1.6,0.0,5.4,6.3999999999999995
2021-02-13,14.8,2.9,0.0,6.2,8.85
2021-02-14,16.5,3.5,0.0,9.1,10.0
2021-02-15,13.2,7.0,53.1,13.0,10.1
2021-02-16,13.6,6.1,0.0,14.1,9.85
2021-02-17,11.9,2.1,0.0,16.6,7.0
2021-02-18,7.7,-0.7,0.0,8.7,3.5
2021-02-19,11.1,-1.1,0.0,7.7,5.0
2021-02-20,16.5,-0.5,0.0,10.7,8.0
2021-02-21,19.4,4.3,0.0,5.6,11.85
2021-02-22,20.5,4.7,0.0,10.2,12.6
2021-02-23,12.6,4.1,0.0,14.2,8.35
2021-02-24,8.9,1.6,0.0,11.5,5.25
2021-02-25,9.9,0.9,0.0,10.2,5.4
2021-02-26,10.1,2.9,0.0,10.0,6.5
2021-02-27,7.6,1.3,0.0,12.5,4.45
2021-02-28,11.2,-1.5,0.0,6.1,4.85
2021-03-01,16.5,2.3,0.0,10.2,9.4
2021-03-02,18.0,7.1,13.2,15.6,12.55
2021-03-03,10.4,2.8,0.0,15.1,6.6
2021-03-04,12.4,0.9,0.0,5.7,6.65
2021-03-05,13.9,4.1,2.9,4.4,9.0
2021-03-06,18.5,6.8,0.9,10.6,12.65
2021-03-07,10.0,5.2,0.0,6.6,7.6
2021-03-08,8.6,3.7,5.1,6.5,6.15
2021-03-09,12.6,4.9,0.0,5.2,8.75
2021-03-10,16.2,3.6,0.0,14.3,9.9
2021-03-11,14.2,1.9,0.0,6.9,8.049999999999999
2021-03-12,15.4,4.4,0.0,4.5,9.9
2021-03-13,13.8,7.9,73.0,16.2,10.85
2021-03-14,16.6,7.3,0.0,13.8,11.95
2021-03-15,17.2,6.2,0.0,9.5,11.7
2021-03-16,20.2,3.3,0.0,10.6,11.75
2021-03-17,17.3,7.8,0.0,9.9,12.55
2021-03-18,16.0,3.4,0.0,6.8,9.7
2021-03-19,16.3,7.5,0.0,7.1,11.9
2021-03-20,16.9,7.4,0.0,5.9,12.15
2021-03-21,18.9,9.7,26.7,16.3,14.3
2021-03-22,14.8,7.8,1.9,12.9,11.3
2021-03-23,13.5,4.2,0.0,7.5,8.85
2021-03-24,18.4,3.5,0.0,9.4,10.95
2021-03-25,16.2,8.1,0.1,7.8,12.15
2021-03-26,19.6,5.2,0.0,13.9,12.4
2021-03-27,16.6,5.3,0.0,8.3,10.95
2021-03-28,18.4,8.9,4.0,10.5,13.65
2021-03-29,21.5,12.4,25.9,11.2,16.95
2021-03-30,22.0,11.1,0.0,7.4,16.55
2021-03-31,21.1,12.0,0.0,8.4,16.55
2021-04-01,19.1,10.2,0.0,7.9,14.65
2021-04-02,18.8,9.2,0.0,7.1,14.0
2021-04-03,19.7,8.1,0.0,7.8,13.9
2021-04-04,20.4,10.9,11.6,11.2,15.65
2021-04-05,14.9,8.1,5.5,10.7,11.5
2021-04-06,13.3,5.1,0.0,9.7,9.2
2021-04-07,17.2,5.8,0.0,7.3,11.5
2021-04-08,16.5,8.1,0.0,9.2,12.3
2021-04-09,15.5,7.0,0.0,11.3,11.25
2021-04-10,13.5,5.7,0.0,9.3,9.6
2021-04-11,16.0,5.1,0.0,8.4,10.55
2021-04-12,17.4,6.8,0.0,8.9,12.1
2021-04-13,17.4,10.4,1.2,9.8,13.9
2021-04-14,20.0,10.6,28.0,13.1,15.3
2021-04-15,14.6,6.4,0.0,12.6,10.5
2021-04-16,16.8,5.8,0.0,8.7,11.3
2021-04-17,17.4,11.1,39.4,9.7,14.25
2021-04-18,20.3,11.0,37.7,14.2,15.65
2021-04-19,20.0,9.4,0.0,9.3,14.7
2021-04-20,22.9,6.7,0.0,8.4,14.8
2021-04-21,23.9,10.2,0.0,8.0,17.049999999999997
2021-04-22,24.1,8.6,0.0,14.5,16.35
2021-04-23,18.4,7.7,0.0,7.8,13.05
2021-04-24,19.7,7.3,0.0,8.2,13.5
2021-04-25,20.4,8.9,0.4,12.1,14.65
2021-04-26,16.6,7.8,0.0,12.3,12.2
2021-04-27,18.4,7.7,0.0,9.8,13.05
2021-04-28,22.3,9.5,0.0,10.5,15.9
2021-04-29,18.7,15.9,44.0,12.4,17.3
2021-04-30,24.2,13.5,0.8,13.3,18.85
2021-05-01,21.9,11.1,8.7,17.6,16.5
2021-05-02,21.5,11.9,2.0,13.2,16.7
2021-05-03,20.9,10.4,0.0,11.1,15.65
2021-05-04,23.4,8.9,0.0,8.7,16.15
2021-05-05,20.0,11.1,6.5,14.0,15.55
2021-05-06,22.9,15.3,4.3,7.6,19.1
2021-05-07,18.7,12.5,5.2,5.1,15.6
2021-05-08,23.5,12.8,0.0,8.3,18.15
2021-05-09,27.2,17.6,0.2,11.9,22.4
2021-05-10,23.0,14.1,0.0,9.8,18.55
2021-05-11,18.9,14.0,0.1,5.5,16.45
2021-05-12,20.2,12.6,0.0,8.9,16.4
2021-05-13,15.9,14.1,1.8,5.8,15.0
2021-05-14,26.9,15.1,0.0,8.2,21.0
2021-05-15,24.6,15.4,0.0,10.4,20.0
2021-05-16,20.6,16.2,5.1,9.7,18.4
2021-05-17,25.6,18.5,9.5,14.4,22.05
2021-05-18,23.6,16.9,1.0,8.1,20.25
2021-05-19,18.2,15.2,9.3,4.3,16.7
2021-05-20,21.5,14.7,20.2,5.8,18.1
2021-05-21,25.1,17.0,12.6,14.6,21.05
2021-05-22,23.7,17.7,3.1,11.6,20.7
2021-05-23,23.6,15.7,0.4,9.0,19.65
2021-05-24,26.5,14.9,0.0,8.7,20.7
2021-05-25,26.4,17.5,0.0,11.7,21.95
2021-05-26,23.8,15.6,0.0,8.4,19.7
2021-05-27,18.5,15.8,31.4,7.9,17.15
2021-05-28,26.0,14.1,0.0,10.7,20.05
2021-05-29,28.5,19.6,0.0,12.1,24.05
2021-05-30,25.2,17.5,1.0,8.9,21.35
2021-05-31,23.7,15.7,4.7,9.7,19.7
2021-06-01,24.5,15.2,9.7,9.7,19.85
2021-06-02,24.4,17.3,0.0,8.7,20.85
2021-06-03,24.7,16.5,0.0,10.5,20.6
2021-06-04,23.4,19.7,21.4,14.1,21.549999999999997
2021-06-05,24.0,19.1,0.2,9.2,21.55
2021-06-06,23.1,17.5,4.6,6.2,20.3
2021-06-07,27.2,17.6,0.0,7.6,22.4
2021-06-08,30.2,17.0,0.0,7.2,23.6
2021-06-09,29.4,17.6,0.0,9.4,23.5
2021-06-10,28.8,17.0,0.0,8.1,22.9
2021-06-11,26.9,18.5,0.0,9.8,22.7
2021-06-12,26.1,17.0,0.0,9.0,21.55
2021-06-13,25.9,19.1,1.0,8.1,22.5
2021-06-14,22.2,19.2,10.9,4.7,20.7
2021-06-15,27.2,18.5,0.2,8.9,22.85
2021-06-16,24.4,20.0,3.0,7.6,22.2
2021-06-17,24.0,19.1,2.6,8.8,21.55
2021-06-18,26.2,17.2,0.3,8.4,21.7
2021-06-19,22.5,20.5,16.0,8.0,21.5
2021-06-20,27.8,19.9,7.4,8.9,23.85
2021-06-21,26.2,19.9,0.0,9.4,23.049999999999997
2021-06-22,25.8,19.0,0.0,9.2,22.4
2021-06-23,24.0,19.6,0.4,6.8,21.8
2021-06-24,26.1,19.0,0.3,8.9,22.55
2021-06-25,25.2,19.6,2.1,7.8,22.4
2021-06-26,26.5,19.9,0.0,6.9,23.2
2021-06-27,26.0,20.5,0.1,6.2,23.25
2021-06-28,27.0,19.6,0.4,8.3,23.3
2021-06-29,25.6,19.7,15.6,10.4,22.65
2021-06-30,23.5,19.3,0.1,4.8,21.4
2021-07-01,22.2,20.2,36.9,7.9,21.2
2021-07-02,24.1,20.2,88.4,11.8,22.15
2021-07-03,25.2,20.5,58.6,7.0,22.85
2021-07-04,21.6,20.1,12.2,3.6,20.85
2021-07-05,25.1,20.0,10.5,5.4,22.55
2021-07-06,28.5,21.5,3.7,3.8,25.0
2021-07-07,29.4,22.5,3.8,6.9,25.95
2021-07-08,24.6,22.5,7.4,5.6,23.55
2021-07-09,25.2,22.0,9.2,2.8,23.6
2021-07-10,31.7,22.7,0.0,8.9,27.2
2021-07-11,30.2,22.5,3.7,5.5,26.35
2021-07-12,30.8,21.4,0.9,6.9,26.1
2021-07-13,26.4,22.7,5.1,5.5,24.549999999999997
2021-07-14,27.5,22.0,12.2,6.4,24.75
2021-07-15,29.2,22.6,3.4,7.6,25.9
2021-07-16,31.3,23.1,1.5,9.2,27.200000000000003
2021-07-17,31.6,22.0,0.0,8.6,26.8
2021-07-18,32.3,21.6,0.0,9.3,26.95
2021-07-19,32.7,22.8,0.0,8.2,27.75
2021-07-20,32.5,23.4,0.0,8.2,27.95
2021-07-21,32.2,22.5,0.0,8.2,27.35
2021-07-22,32.1,22.6,0.0,8.5,27.35
2021-07-23,31.3,23.0,0.0,8.5,27.15
2021-07-24,31.5,23.7,0.8,9.2,27.6
2021-07-25,32.2,22.6,0.0,10.2,27.4
2021-07-26,30.3,23.0,0.0,9.3,26.65
2021-07-27,29.5,23.0,6.1,11.3,26.25
2021-07-28,30.9,23.5,5.9,9.7,27.2
2021-07-29,30.7,23.4,0.5,10.5,27.049999999999997
2021-07-30,28.4,23.9,3.7,5.7,26.15
2021-07-31,32.0,22.8,0.5,6.7,27.4
2021-08-01,32.7,23.4,0.0,9.9,28.05
2021-08-02,31.2,24.4,0.5,8.2,27.799999999999997
2021-08-03,32.1,25.0,0.7,9.8,28.55
2021-08-04,33.2,24.3,0.0,7.9,28.75
2021-08-05,32.8,22.8,0.0,7.5,27.799999999999997
2021-08-06,32.2,23.0,2.2,7.9,27.6
2021-08-07,29.5,24.5,2.3,6.8,27.0
2021-08-08,27.5,25.2,45.4,13.4,26.35
2021-08-09,31.2,25.5,5.7,17.2,28.35
2021-08-10,37.3,27.6,0.0,14.7,32.45
2021-08-11,32.5,25.1,0.0,8.4,28.8
2021-08-12,27.3,24.0,1.9,5.4,25.65
2021-08-13,25.0,22.5,27.8,8.0,23.75
2021-08-14,27.4,21.1,80.8,12.2,24.25
2021-08-15,21.7,19.2,56.4,8.6,20.45
2021-08-16,22.4,20.4,7.4,6.5,21.4
2021-08-17,26.2,21.6,7.3,9.4,23.9
2021-08-18,31.4,25.6,1.1,13.4,28.5
2021-08-19,32.5,24.3,0.0,11.7,28.4
2021-08-20,32.5,24.6,0.0,9.4,28.55
2021-08-21,29.8,23.6,1.1,8.2,26.700000000000003
2021-08-22,32.5,23.9,0.4,6.8,28.2
2021-08-23,29.8,24.1,2.7,6.4,26.950000000000003
2021-08-24,29.6,23.3,0.6,6.3,26.450000000000003
2021-08-25,31.2,25.0,0.4,7.0,28.1
2021-08-26,33.9,24.4,0.0,6.9,29.15
2021-08-27,32.3,25.0,0.0,8.2,28.65
2021-08-28,33.6,25.1,0.0,8.0,29.35
2021-08-29,30.9,24.7,0.4,6.9,27.799999999999997
2021-08-30,32.8,23.0,0.0,8.7,27.9
2021-08-31,29.7,23.0,6.8,6.7,26.35
2021-09-01,25.0,19.5,3.9,7.0,22.25
2021-09-02,21.0,18.0,21.0,6.6,19.5
2021-09-03,20.9,19.1,14.2,7.3,20.0
2021-09-04,23.3,19.7,8.0,8.0,21.5
2021-09-05,23.4,19.1,0.4,7.2,21.25
2021-09-06,22.4,19.1,1.2,7.9,20.75
2021-09-07,24.4,17.2,0.0,8.3,20.799999999999997
2021-09-08,23.8,18.2,1.9,4.4,21.0
2021-09-09,21.6,18.4,24.0,6.2,20.0
2021-09-10,28.6,20.0,0.0,7.2,24.3
2021-09-11,27.7,22.0,1.6,3.7,24.85
2021-09-12,26.2,21.9,0.6,5.5,24.049999999999997
2021-09-13,30.1,20.8,0.0,10.1,25.450000000000003
2021-09-14,25.1,20.5,4.7,6.0,22.8
2021-09-15,27.5,20.5,1.9,7.9,24.0
2021-09-16,25.0,19.7,0.0,8.6,22.35
2021-09-17,24.1,18.5,0.1,6.0,21.3
2021-09-18,26.5,23.2,71.7,10.9,24.85
2021-09-19,28.5,18.7,1.6,10.0,23.6
2021-09-20,26.8,16.4,0.0,8.9,21.6
2021-09-21,26.8,17.4,0.0,6.9,22.1
2021-09-22,27.8,20.0,0.0,9.1,23.9
2021-09-23,30.9,22.4,1.0,8.4,26.65
2021-09-24,29.2,19.1,0.0,5.5,24.15
2021-09-25,23.6,19.5,0.3,7.9,21.55
2021-09-26,20.6,18.1,1.2,6.8,19.35
2021-09-27,23.9,17.4,0.0,8.5,20.65
2021-09-28,24.6,17.1,0.0,7.2,20.85
2021-09-29,25.2,16.5,0.0,6.9,20.85
2021-09-30,26.6,18.1,2.9,7.4,22.35
2021-10-01,21.1,18.8,87.5,17.7,19.950000000000003
2021-10-02,28.9,18.0,0.9,9.2,23.45
2021-10-03,26.5,18.9,0.0,8.4,22.7
2021-10-04,28.2,17.0,0.0,8.7,22.6
2021-10-05,27.9,17.3,0.0,7.0,22.6
2021-10-06,26.2,16.1,0.0,9.3,21.15
2021-10-07,24.1,18.6,0.2,4.7,21.35
2021-10-08,28.5,18.5,0.6,7.1,23.5
2021-10-09,25.1,19.0,0.1,9.2,22.05
2021-10-10,24.6,18.3,0.1,5.5,21.450000000000003
2021-10-11,28.0,16.8,0.0,8.1,22.4
2021-10-12,22.6,18.8,0.1,6.6,20.700000000000003
2021-10-13,18.6,15.9,10.1,6.5,17.25
2021-10-14,23.2,15.8,0.4,5.4,19.5
2021-10-15,24.5,15.2,0.0,6.3,19.85
2021-10-16,23.7,17.0,0.0,8.7,20.35
2021-10-17,19.1,12.6,15.4,11.7,15.85
2021-10-18,16.6,10.4,0.0,8.2,13.5
2021-10-19,15.7,11.9,4.6,6.5,13.8
2021-10-20,21.0,11.8,1.0,11.5,16.4
2021-10-21,17.7,12.6,0.0,10.0,15.15
2021-10-22,14.1,10.9,14.1,8.4,12.5
2021-10-23,17.9,11.1,0.0,13.0,14.5
2021-10-24,18.5,9.9,0.0,5.2,14.2
2021-10-25,15.8,10.6,5.4,9.2,13.2
2021-10-26,19.9,12.2,37.9,13.2,16.049999999999997
2021-10-27,17.0,12.1,0.0,4.6,14.55
2021-10-28,21.7,12.8,0.6,9.4,17.25
2021-10-29,18.8,11.9,0.0,11.2,15.35
2021-10-30,19.0,10.4,0.0,5.0,14.7
2021-10-31,13.9,11.4,4.9,6.0,12.65
2021-11-01,20.0,12.9,0.0,5.8,16.45
2021-11-02,20.8,14.1,0.5,6.9,17.45
2021-11-03,21.2,12.9,0.0,7.0,17.05
2021-11-04,19.5,12.9,0.0,5.8,16.2
2021-11-05,19.1,11.6,0.0,5.8,15.35
2021-11-06,18.4,10.7,0.0,7.1,14.55
2021-11-07,18.2,11.9,0.0,8.0,15.05
2021-11-08,20.5,12.4,0.1,6.8,16.45
2021-11-09,20.4,13.6,39.4,5.6,17.0
2021-11-10,20.9,13.2,0.0,12.1,17.049999999999997
2021-11-11,19.6,11.6,0.0,8.9,15.6
2021-11-12,19.9,8.4,0.0,10.4,14.15
2021-11-13,17.2,7.8,0.0,5.2,12.5
2021-11-14,18.8,7.6,0.0,4.2,13.2
2021-11-15,19.3,7.7,0.0,5.2,13.5
2021-11-16,16.9,10.9,0.1,6.2,13.9
2021-11-17,16.5,9.9,0.0,5.2,13.2
2021-11-18,16.4,8.2,0.0,4.7,12.3
2021-11-19,17.4,7.3,0.0,4.9,12.35
2021-11-20,17.3,7.8,0.0,5.8,12.55
2021-11-21,15.6,8.4,9.0,4.8,12.0
2021-11-22,16.5,10.9,25.3,9.5,13.7
2021-11-23,15.3,8.9,0.0,10.2,12.1
2021-11-24,16.2,7.4,0.0,9.0,11.8
2021-11-25,17.2,5.1,0.0,6.1,11.15
2021-11-26,15.6,6.6,0.0,5.8,11.1
2021-11-27,12.1,7.4,0.0,10.8,9.75
2021-11-28,13.4,6.1,0.0,10.0,9.75
2021-11-29,13.1,3.5,0.0,5.0,8.3
2021-11-30,16.0,3.3,3.0,7.6,9.65
2021-12-01,19.0,8.4,44.5,18.1,13.7
2021-12-02,12.6,5.7,0.0,8.6,9.15
2021-12-03,16.4,4.1,0.0,6.4,10.25
2021-12-04,14.5,4.2,0.0,9.7,9.35
2021-12-05,11.2,5.5,0.0,9.7,8.35
2021-12-06,9.6,5.2,3.8,6.6,7.4
2021-12-07,14.4,8.6,6.5,9.7,11.5
2021-12-08,10.6,8.5,34.4,14.0,9.55
2021-12-09,13.1,6.8,0.4,9.4,9.95
2021-12-10,11.4,4.3,0.0,6.2,7.85
2021-12-11,14.9,2.7,0.0,4.5,8.8
2021-12-12,15.9,5.1,0.0,5.1,10.5
2021-12-13,11.7,5.4,0.0,13.4,8.55
2021-12-14,6.0,3.4,3.4,6.8,4.7
2021-12-15,13.9,1.4,0.0,5.2,7.65
2021-12-16,13.7,2.6,0.0,5.1,8.15
2021-12-17,12.8,5.5,19.3,18.1,9.15
2021-12-18,6.4,1.8,0.0,15.1,4.1000000000000005
2021-12-19,10.4,-0.4,0.0,6.0,5.0
2021-12-20,11.1,0.9,0.0,5.2,6.0
2021-12-21,14.3,2.2,0.0,4.9,8.25
2021-12-22,11.4,3.9,0.0,11.0,7.65
2021-12-23,11.0,3.8,0.0,10.5,7.4
2021-12-24,11.3,2.2,0.1,4.6,6.75
2021-12-25,12.4,4.3,6.0,11.6,8.35
2021-12-26,5.3,0.6,0.0,11.9,2.9499999999999997
2021-12-27,6.6,-1.2,0.0,5.2,2.6999999999999997
2021-12-28,7.5,0.1,0.0,8.8,3.8
2021-12-29,8.8,0.4,0.0,5.1,4.6000000000000005
2021-12-30,13.8,0.9,0.0,11.2,7.35
2021-12-31,5.2,0.6,0.0,11.1,2.9
2022-01-01,6.1,-0.2,0.0,12.5,2.9499999999999997
2022-01-02,7.4,0.4,0.0,6.5,3.9
2022-01-03,9.1,1.2,0.0,8.3,5.1499999999999995
2022-01-04,10.9,0.5,0.0,13.0,5.7
2022-01-05,6.5,0.6,0.0,11.3,3.55
2022-01-06,2.8,0.0,5.1,5.7,1.4
2022-01-07,7.8,-1.0,0.0,10.1,3.4
2022-01-08,9.1,1.8,0.0,8.1,5.45
2022-01-09,12.2,-0.4,0.0,5.7,5.8999999999999995
2022-01-10,9.6,4.6,0.0,7.6,7.1
2022-01-11,5.8,3.2,15.6,6.3,4.5
2022-01-12,7.4,2.5,0.0,10.9,4.95
2022-01-13,9.8,0.6,0.0,9.5,5.2
2022-01-14,7.8,1.5,0.0,13.4,4.65
2022-01-15,9.5,0.3,0.0,9.2,4.9
2022-01-16,10.8,-0.2,0.0,6.6,5.300000000000001
2022-01-17,10.4,0.3,0.0,7.7,5.3500000000000005
2022-01-18,6.8,1.1,0.0,12.1,3.95
2022-01-19,7.1,-0.2,0.0,7.0,3.4499999999999997
2022-01-20,6.9,-0.9,0.0,10.8,3.0
2022-01-21,5.6,0.2,0.0,12.0,2.9
2022-01-22,8.9,-0.8,0.0,7.6,4.05
2022-01-23,8.1,1.0,1.4,5.8,4.55
2022-01-24,10.1,2.4,0.6,10.1,6.25
2022-01-25,7.4,-0.5,0.8,4.8,3.45
2022-01-26,8.5,3.2,0.0,6.9,5.85
2022-01-27,9.7,1.5,0.0,11.4,5.6
2022-01-28,9.5,2.8,0.0,9.0,6.15
2022-01-29,8.2,2.2,0.0,7.1,5.199999999999999
2022-01-30,7.7,1.3,0.0,9.6,4.5
2022-01-31,8.3,0.2,0.0,10.6,4.25
2022-02-01,8.9,-1.2,0.0,7.9,3.85
2022-02-02,8.7,0.7,0.0,9.9,4.699999999999999
2022-02-03,10.4,-1.1,0.0,8.0,4.65
2022-02-04,8.3,1.8,0.0,7.6,5.050000000000001
2022-02-05,6.2,0.3,0.0,10.0,3.25
2022-02-06,5.0,-2.4,0.0,8.1,1.3
2022-02-07,7.7,-1.5,0.0,8.4,3.1
2022-02-08,7.9,1.7,0.0,5.5,4.8
2022-02-09,9.1,0.6,0.0,7.2,4.85
2022-02-10,3.1,0.7,31.9,9.5,1.9
2022-02-11,9.0,0.6,2.7,9.8,4.8
2022-02-12,9.1,-0.6,0.0,4.1,4.25
2022-02-13,5.2,-0.5,21.0,8.8,2.35
2022-02-14,8.2,0.9,8.1,9.3,4.55
2022-02-15,11.8,-0.9,0.0,9.4,5.45
2022-02-16,10.9,1.0,0.1,8.3,5.95
2022-02-17,7.2,-0.4,0.0,11.2,3.4
2022-02-18,9.4,-0.5,0.0,12.1,4.45
2022-02-19,8.6,0.6,5.7,5.9,4.6
2022-02-20,11.9,3.0,6.7,12.7,7.45
2022-02-21,7.3,0.6,0.0,12.3,3.95
2022-02-22,8.3,-1.2,0.0,11.3,3.5500000000000003
2022-02-23,7.9,-0.8,0.0,8.4,3.5500000000000003
2022-02-24,7.7,0.2,0.0,10.5,3.95
2022-02-25,11.6,-1.2,0.0,5.8,5.2
2022-02-26,12.7,0.8,0.0,8.8,6.75
2022-02-27,14.9,2.0,0.0,13.4,8.45
2022-02-28,13.2,1.7,0.0,7.9,7.449999999999999
2022-03-01,16.6,2.2,0.3,7.5,9.4
2022-03-02,14.1,6.6,4.0,8.0,10.35
2022-03-03,13.4,4.0,0.9,10.2,8.7
2022-03-04,10.6,3.3,0.0,7.6,6.949999999999999
2022-03-05,16.7,1.9,0.0,13.6,9.3
2022-03-06,11.1,4.3,0.0,12.1,7.699999999999999
2022-03-07,11.2,2.0,0.0,10.5,6.6
2022-03-08,7.3,2.9,3.0,6.8,5.1
2022-03-09,12.1,2.8,0.0,6.0,7.449999999999999
2022-03-10,13.1,2.2,0.0,5.6,7.65
2022-03-11,16.7,3.2,0.0,8.8,9.95
2022-03-12,19.5,4.2,0.0,7.2,11.85
2022-03-13,18.2,6.6,0.0,7.6,12.4
2022-03-14,21.5,10.7,0.0,9.3,16.1
2022-03-15,19.1,7.5,0.0,6.9,13.3
2022-03-16,19.0,5.7,0.0,8.6,12.35
2022-03-17,17.4,6.9,0.1,5.4,12.15
2022-03-18,10.9,2.0,32.8,10.9,6.45
2022-03-19,16.9,2.5,14.7,11.4,9.7
2022-03-20,13.2,4.8,0.0,10.5,9.0
2022-03-21,13.5,6.5,0.0,6.2,10.0
2022-03-22,7.3,1.5,14.5,8.1,4.4
2022-03-23,9.1,-0.6,2.2,7.1,4.25
2022-03-24,14.2,2.1,3.4,7.0,8.15
2022-03-25,15.9,4.1,0.0,7.9,10.0
2022-03-26,16.8,8.5,3.9,12.6,12.65
2022-03-27,19.8,12.0,0.2,9.7,15.9
2022-03-28,15.9,8.5,0.0,10.0,12.2
2022-03-29,9.4,6.8,0.1,5.0,8.1
2022-03-30,18.5,6.7,0.0,10.3,12.6
2022-03-31,19.6,8.5,8.8,7.9,14.05
2022-04-01,11.4,3.5,19.3,10.5,7.45
2022-04-02,11.6,2.7,0.0,6.7,7.15
2022-04-03,8.4,4.4,14.7,7.1,6.4
2022-04-04,9.9,6.3,51.1,12.1,8.1
2022-04-05,15.7,7.4,6.2,10.5,11.55
2022-04-06,19.6,7.9,0.0,8.3,13.75
2022-04-07,17.4,8.9,0.0,6.6,13.15
2022-04-08,19.8,8.1,0.0,7.6,13.95
2022-04-09,21.5,7.2,0.0,9.8,14.35
2022-04-10,24.7,9.4,0.0,5.9,17.05
2022-04-11,22.9,10.6,0.0,10.9,16.75
2022-04-12,23.9,11.7,0.0,7.2,17.799999999999997
2022-04-13,24.5,10.1,0.0,8.0,17.3
2022-04-14,15.8,8.8,3.1,7.9,12.3
2022-04-15,9.2,7.5,19.8,7.2,8.35
2022-04-16,18.3,7.9,0.1,9.6,13.1
2022-04-17,15.2,7.5,1.3,6.2,11.35
2022-04-18,14.8,9.4,26.1,8.0,12.1
2022-04-19,20.1,8.6,0.9,7.2,14.35
2022-04-20,15.1,9.2,2.1,5.6,12.15
2022-04-21,20.5,10.6,5.1,5.9,15.55
2022-04-22,25.0,12.4,19.4,6.5,18.7
2022-04-23,24.1,13.8,0.0,5.7,18.950000000000003
2022-04-24,19.0,14.1,8.6,5.4,16.55
2022-04-25,25.2,11.2,0.0,7.0,18.2
2022-04-26,21.5,15.1,0.3,13.0,18.3
2022-04-27,25.9,18.6,2.5,14.0,22.25
2022-04-28,18.0,12.4,0.0,7.6,15.2
2022-04-29,14.8,8.1,35.6,13.3,11.45
2022-04-30,17.2,7.7,0.0,9.7,12.45
2022-05-01,14.9,8.9,18.7,7.4,11.9
2022-05-02,17.4,9.8,0.0,7.8,13.6
2022-05-03,19.4,10.1,0.0,7.1,14.75
2022-05-04,23.4,9.7,0.0,9.0,16.549999999999997
2022-05-05,24.5,11.1,0.0,6.5,17.8
2022-05-06,24.1,12.4,0.0,9.0,18.25
2022-05-07,21.8,13.8,0.6,7.2,17.8
2022-05-08,21.6,14.9,1.2,10.2,18.25
2022-05-09,15.6,10.7,5.5,7.6,13.15
2022-05-10,21.9,10.5,1.6,7.0,16.2
2022-05-11,22.2,10.4,0.0,5.8,16.3
2022-05-12,21.8,14.4,2.9,7.3,18.1
2022-05-13,17.5,16.2,36.0,4.8,16.85
2022-05-14,26.1,18.4,13.7,12.9,22.25
2022-05-15,19.4,14.6,1.1,10.2,17.0
2022-05-16,14.2,13.8,11.0,6.6,14.0
2022-05-17,18.2,13.2,0.0,3.6,15.7
2022-05-18,24.4,12.6,0.0,7.5,18.5
2022-05-19,25.7,13.1,0.0,9.4,19.4
2022-05-20,24.7,14.6,0.0,8.0,19.65
2022-05-21,19.4,16.5,5.6,5.2,17.95
2022-05-22,23.9,14.9,2.4,8.2,19.4
2022-05-23,24.1,15.0,1.3,6.9,19.55
2022-05-24,24.7,15.4,0.0,9.4,20.05
2022-05-25,25.8,16.0,0.0,9.7,20.9
2022-05-26,25.0,15.9,0.1,9.0,20.45
2022-05-27,23.8,19.0,18.1,12.6,21.4
2022-05-28,26.2,16.8,0.1,7.7,21.5
2022-05-29,29.9,15.4,0.0,8.0,22.65
2022-05-30,27.2,16.3,0.0,10.2,21.75
2022-05-31,20.0,15.9,17.6,5.8,17.95
2022-06-01,25.7,16.6,0.0,7.6,21.15
2022-06-02,26.5,15.6,0.0,10.5,21.05
2022-06-03,26.2,17.2,2.4,10.1,21.7
2022-06-04,24.4,16.4,0.0,8.1,20.4
2022-06-05,23.6,16.8,3.4,6.9,20.200000000000003
2022-06-06,17.8,15.9,27.7,8.6,16.85
2022-06-07,20.7,15.8,0.2,7.7,18.25
2022-06-08,20.7,14.9,0.0,5.8,17.8
2022-06-09,23.1,15.5,2.3,6.5,19.3
2022-06-10,25.0,16.9,0.0,7.3,20.95
2022-06-11,23.0,18.6,5.4,5.8,20.8
2022-06-12,24.0,17.9,6.2,8.2,20.95
2022-06-13,25.5,16.4,0.0,10.3,20.95
2022-06-14,18.6,15.4,1.8,7.1,17.0
2022-06-15,17.8,14.9,4.7,5.1,16.35
2022-06-16,25.0,16.8,0.0,8.7,20.9
2022-06-17,27.9,18.4,0.0,6.5,23.15
2022-06-18,25.6,18.9,4.2,7.7,22.25
2022-06-19,28.5,19.5,0.0,8.3,24.0
2022-06-20,30.3,20.0,0.0,7.8,25.15
2022-06-21,28.6,20.7,3.4,6.5,24.65
2022-06-22,26.7,20.3,5.3,5.9,23.5
2022-06-23,25.6,20.0,1.3,6.4,22.8
2022-06-24,30.4,21.2,0.0,13.8,25.799999999999997
2022-06-25,33.5,25.0,0.0,12.9,29.25
2022-06-26,33.2,24.4,0.0,9.5,28.8
2022-06-27,33.6,21.2,0.0,6.5,27.4
2022-06-28,31.8,22.2,0.0,7.0,27.0
2022-06-29,34.3,22.0,0.0,7.6,28.15
2022-06-30,34.8,22.5,0.0,7.6,28.65
2022-07-01,34.3,22.1,0.0,7.3,28.2
2022-07-02,33.2,22.9,0.0,7.6,28.05
2022-07-03,29.4,22.6,1.3,6.8,26.0
2022-07-04,26.1,22.5,2.6,5.6,24.3
2022-07-05,27.0,21.7,7.6,7.1,24.35
2022-07-06,28.4,22.7,6.8,11.4,25.549999999999997
2022-07-07,28.9,22.0,0.0,6.3,25.45
2022-07-08,30.0,21.4,0.0,6.4,25.7
2022-07-09,28.3,21.5,0.0,8.3,24.9
2022-07-10,29.1,23.1,5.8,9.4,26.1
2022-07-11,32.0,22.5,0.0,8.2,27.25
2022-07-12,27.1,22.8,17.2,5.6,24.950000000000003
2022-07-13,24.9,21.8,18.4,5.0,23.35
2022-07-14,24.4,22.0,6.6,4.9,23.2
2022-07-15,24.2,22.3,30.6,6.0,23.25
2022-07-16,24.6,22.0,9.0,5.5,23.3
2022-07-17,30.1,22.6,3.4,9.5,26.35
2022-07-18,30.4,22.8,0.0,6.4,26.6
2022-07-19,27.1,23.8,7.2,9.3,25.450000000000003
2022-07-20,33.0,23.3,0.0,8.2,28.15
2022-07-21,30.0,23.2,2.1,8.4,26.6
2022-07-22,32.0,24.8,3.5,9.0,28.4
2022-07-23,32.0,24.2,0.7,7.6,28.1
2022-07-24,31.5,23.6,0.0,9.0,27.55
2022-07-25,31.6,24.1,0.0,8.7,27.85
2022-07-26,27.5,25.0,24.2,7.4,26.25
2022-07-27,30.9,25.7,0.0,8.9,28.299999999999997
2022-07-28,31.7,24.2,0.0,7.2,27.95
2022-07-29,32.8,23.6,0.0,8.0,28.2
2022-07-30,32.7,23.9,0.0,7.2,28.3
2022-07-31,33.7,24.2,0.0,6.4,28.950000000000003
2022-08-01,33.6,24.8,0.0,6.7,29.200000000000003
2022-08-02,35.5,25.0,0.0,6.3,30.25
2022-08-03,35.2,25.0,0.0,6.0,30.1
2022-08-04,27.7,22.0,35.0,4.9,24.85
2022-08-05,27.1,21.5,1.0,4.7,24.3
2022-08-06,27.0,21.6,0.0,5.0,24.3
2022-08-07,30.0,23.0,0.0,6.1,26.5
2022-08-08,31.5,25.1,0.0,9.7,28.3
2022-08-09,33.0,26.8,0.0,11.4,29.9
2022-08-10,33.2,26.7,0.0,11.7,29.950000000000003
2022-08-11,32.0,25.5,0.0,12.0,28.75
2022-08-12,30.8,26.3,1.6,12.1,28.55
2022-08-13,29.0,24.1,33.1,12.1,26.55
2022-08-14,32.1,23.6,1.5,7.4,27.85
2022-08-15,32.0,24.8,0.2,6.3,28.4
2022-08-16,34.7,26.5,0.0,11.3,30.6
2022-08-17,29.5,24.0,10.1,6.0,26.75
2022-08-18,30.4,21.7,6.2,9.5,26.049999999999997
2022-08-19,30.8,22.5,0.0,9.1,26.65
2022-08-20,28.5,22.1,10.2,4.7,25.3
2022-08-21,27.4,22.3,4.4,5.7,24.85
2022-08-22,28.5,23.0,0.0,5.0,25.75
2022-08-23,30.5,23.4,0.0,7.6,26.95
2022-08-24,29.6,22.8,0.9,7.6,26.200000000000003
2022-08-25,28.2,21.6,3.4,4.1,24.9
2022-08-26,30.0,23.6,0.0,6.0,26.8
2022-08-27,31.5,25.2,0.0,9.3,28.35
2022-08-28,25.3,21.5,12.3,7.4,23.4
2022-08-29,26.1,20.6,0.3,6.2,23.35
2022-08-30,24.4,19.3,2.6,5.2,21.85
2022-08-31,31.0,21.5,0.3,10.1,26.25
2022-09-01,31.4,24.0,0.5,11.5,27.7
2022-09-02,24.5,21.1,5.4,9.2,22.8
2022-09-03,28.2,21.4,0.0,4.9,24.799999999999997
2022-09-04,29.9,21.6,0.0,5.8,25.75
2022-09-05,30.0,22.5,0.2,5.9,26.25
2022-09-06,30.5,23.0,0.0,10.1,26.75
2022-09-07,29.2,24.6,18.5,5.5,26.9
2022-09-08,27.0,23.0,4.5,6.6,25.0
2022-09-09,26.1,20.9,0.2,5.2,23.5
2022-09-10,28.3,21.3,0.0,6.9,24.8
2022-09-11,27.4,19.9,0.0,7.2,23.65
2022-09-12,29.7,21.0,0.1,6.8,25.35
2022-09-13,27.5,21.7,0.3,4.7,24.6
2022-09-14,30.4,22.0,0.0,7.8,26.2
2022-09-15,26.7,19.9,0.0,4.3,23.299999999999997
2022-09-16,28.5,17.9,0.0,5.6,23.2
2022-09-17,29.1,20.0,0.0,4.6,24.55
2022-09-18,26.2,22.2,21.4,6.4,24.2
2022-09-19,28.8,24.1,6.0,13.0,26.450000000000003
2022-09-20,27.0,18.6,24.6,14.8,22.8
2022-09-21,22.5,16.9,0.0,6.1,19.7
2022-09-22,21.5,16.2,1.9,7.3,18.85
2022-09-23,22.0,16.8,7.3,5.6,19.4
2022-09-24,25.8,20.6,56.2,8.4,23.200000000000003
2022-09-25,26.5,19.6,0.0,6.4,23.05
2022-09-26,27.7,17.4,0.0,3.6,22.549999999999997
2022-09-27,27.5,18.4,0.0,6.3,22.95
2022-09-28,25.5,18.0,0.0,6.1,21.75
2022-09-29,24.2,18.6,0.1,5.5,21.4
2022-09-30,27.1,18.0,0.4,5.7,22.55
2022-10-01,27.3,18.5,0.0,6.7,22.9
2022-10-02,28.1,16.8,0.0,5.9,22.450000000000003
2022-10-03,25.2,17.5,0.0,4.1,21.35
2022-10-04,27.5,18.6,0.0,12.1,23.05
2022-10-05,23.5,14.7,7.1,8.8,19.1
2022-10-06,14.4,11.3,8.6,7.0,12.85
2022-10-07,12.6,10.7,40.0,11.3,11.65
2022-10-08,21.9,12.7,0.0,6.6,17.299999999999997
2022-10-09,21.2,14.8,5.1,7.3,18.0
2022-10-10,26.6,14.1,9.9,8.9,20.35
2022-10-11,25.5,17.7,0.0,9.2,21.6
2022-10-12,20.9,16.0,0.5,5.1,18.45
2022-10-13,16.6,14.3,4.4,9.1,15.45
2022-10-14,20.9,14.6,2.1,7.9,17.75
2022-10-15,23.0,17.1,0.1,5.9,20.05
2022-10-16,23.8,16.6,0.0,4.7,20.200000000000003
2022-10-17,20.9,16.9,8.3,5.0,18.9
2022-10-18,17.8,13.9,3.1,7.0,15.85
2022-10-19,18.4,12.8,0.1,5.2,15.6
2022-10-20,19.8,10.4,0.0,4.3,15.1
2022-10-21,21.5,10.4,0.0,9.1,15.95
2022-10-22,22.6,13.0,0.0,3.9,17.8
2022-10-23,23.5,11.4,3.7,8.8,17.45
2022-10-24,14.4,10.4,1.1,9.1,12.4
2022-10-25,14.2,9.7,0.7,10.6,11.95
2022-10-26,18.0,9.6,0.5,9.7,13.8
2022-10-27,17.1,8.6,0.0,4.6,12.85
2022-10-28,19.2,9.6,0.0,5.4,14.4
2022-10-29,20.2,11.0,0.0,7.4,15.6
2022-10-30,18.2,11.2,0.0,5.4,14.7
2022-10-31,18.7,10.6,0.0,6.0,14.65
2022-11-01,16.8,11.0,0.0,6.6,13.9
2022-11-02,21.9,10.8,0.0,4.3,16.35
2022-11-03,23.4,11.4,0.0,7.4,17.4
2022-11-04,20.1,10.4,0.0,7.9,15.25
2022-11-05,16.1,11.1,0.0,4.6,13.6
2022-11-06,17.3,9.4,0.0,6.2,13.35
2022-11-07,16.8,9.1,0.0,5.2,12.95
2022-11-08,20.5,10.1,0.0,7.2,15.3
2022-11-09,17.7,10.4,0.0,6.3,14.05
2022-11-10,21.0,8.9,0.0,5.8,14.95
2022-11-11,19.5,9.9,0.0,5.4,14.7
2022-11-12,20.1,11.8,0.0,5.2,15.95
2022-11-13,21.8,10.8,5.4,11.4,16.3
2022-11-14,16.9,11.9,0.0,14.0,14.4
2022-11-15,11.8,8.6,7.0,6.2,10.2
2022-11-16,16.5,8.1,0.5,7.4,12.3
2022-11-17,15.6,8.6,0.0,6.0,12.1
2022-11-18,16.4,7.9,0.0,4.7,12.15
2022-11-19,16.9,8.3,0.0,6.2,12.6
2022-11-20,11.8,7.9,4.3,7.4,9.85
2022-11-21,16.0,9.4,4.2,8.7,12.7
2022-11-22,18.8,8.9,0.0,8.1,13.85
2022-11-23,13.1,9.0,36.7,10.3,11.05
2022-11-24,18.9,10.6,0.0,12.9,14.75
2022-11-25,16.1,9.8,0.0,4.7,12.95
2022-11-26,15.6,8.6,1.6,4.1,12.1
2022-11-27,16.8,8.4,0.0,10.8,12.6
2022-11-28,13.1,6.6,0.0,4.6,9.85
2022-11-29,19.9,9.9,5.1,13.4,14.9
2022-11-30,19.5,11.9,33.9,10.9,15.7
2022-12-01,11.4,7.6,0.0,9.1,9.5
2022-12-02,12.6,6.1,0.0,8.1,9.35
2022-12-03,10.7,4.0,0.0,6.3,7.35
2022-12-04,15.4,4.2,0.0,7.5,9.8
2022-12-05,8.8,3.9,10.2,6.5,6.3500000000000005
2022-12-06,8.6,3.5,9.4,8.8,6.05
2022-12-07,13.1,3.7,0.0,4.6,8.4
2022-12-08,13.8,3.7,0.0,4.1,8.75
2022-12-09,12.6,3.9,0.0,4.7,8.25
2022-12-10,14.4,4.2,0.0,5.2,9.3
2022-12-11,13.1,5.2,1.3,8.4,9.15
2022-12-12,10.4,5.1,0.0,6.9,7.75
2022-12-13,8.5,3.8,2.7,7.8,6.15
2022-12-14,13.6,4.7,0.0,12.3,9.15
2022-12-15,10.7,2.2,0.0,5.4,6.449999999999999
2022-12-16,12.8,2.3,0.0,9.1,7.550000000000001
2022-12-17,7.9,4.0,4.7,5.2,5.95
2022-12-18,9.6,3.0,2.2,11.2,6.3
2022-12-19,8.9,0.5,0.0,6.1,4.7
2022-12-20,9.7,0.2,0.0,4.8,4.949999999999999
2022-12-21,9.9,1.8,0.0,4.4,5.8500000000000005
2022-12-22,10.2,3.3,19.2,8.4,6.75
2022-12-23,6.8,1.7,0.0,14.7,4.25
2022-12-24,10.6,1.2,0.0,11.0,5.8999999999999995
2022-12-25,11.1,2.8,0.0,10.9,6.949999999999999
2022-12-26,9.7,2.5,0.0,9.5,6.1
2022-12-27,10.6,3.3,0.0,9.0,6.949999999999999
2022-12-28,10.8,2.2,0.0,4.2,6.5
2022-12-29,11.9,2.7,0.0,6.9,7.300000000000001
2022-12-30,10.3,2.6,0.0,6.7,6.45
2022-12-31,9.9,1.8,0.0,5.7,5.8500000000000005
2023-01-01,11.9,0.9,0.0,5.6,6.4
2023-01-02,9.3,3.0,0.0,8.3,6.15
2023-01-03,9.5,1.0,0.0,7.1,5.25
2023-01-04,9.7,0.4,0.0,7.9,5.05
2023-01-05,8.2,1.9,0.0,9.5,5.05
2023-01-06,8.9,-0.8,0.0,5.8,4.05
2023-01-07,9.1,1.5,0.0,5.2,5.3
2023-01-08,11.1,1.4,0.0,4.8,6.25
2023-01-09,12.2,2.1,0.0,5.0,7.1499999999999995
2023-01-10,7.3,2.0,0.0,13.9,4.65
2023-01-11,9.6,0.2,0.0,7.1,4.8999999999999995
2023-01-12,10.9,0.1,0.0,5.4,5.5
2023-01-13,12.6,0.4,0.6,6.6,6.5
2023-01-14,12.2,6.6,3.8,11.0,9.4
2023-01-15,11.4,6.3,3.3,7.3,8.85
2023-01-16,6.7,3.8,8.4,9.7,5.25
2023-01-17,7.6,0.6,0.8,7.9,4.1
2023-01-18,11.4,1.9,0.1,7.3,6.65
2023-01-19,8.5,2.2,0.0,6.9,5.35
2023-01-20,11.1,2.8,0.0,6.2,6.949999999999999
2023-01-21,7.2,1.9,0.0,11.8,4.55
2023-01-22,7.8,-0.4,0.0,6.1,3.7
2023-01-23,5.1,1.0,0.0,6.2,3.05
2023-01-24,10.2,-2.1,1.2,17.9,4.05
2023-01-25,2.1,-3.5,0.0,12.9,-0.7
2023-01-26,7.6,-4.0,0.0,5.9,1.7999999999999998
2023-01-27,5.6,0.6,1.7,8.7,3.0999999999999996
2023-01-28,6.3,-0.1,0.0,11.1,3.1
2023-01-29,6.8,-1.4,0.0,6.6,2.7
2023-01-30,10.9,-0.6,0.0,12.2,5.15
2023-01-31,7.1,0.6,0.0,9.9,3.85
2023-02-01,12.1,-0.9,0.0,13.7,5.6
2023-02-02,7.7,2.7,0.0,11.0,5.2
2023-02-03,6.2,1.2,0.0,7.5,3.7
2023-02-04,10.3,-0.3,0.0,6.3,5.0
2023-02-05,9.9,1.5,0.0,5.8,5.7
2023-02-06,12.2,0.8,0.0,5.8,6.5
2023-02-07,12.6,3.3,0.0,5.8,7.949999999999999
2023-02-08,11.3,4.9,2.5,5.8,8.100000000000001
2023-02-09,8.1,1.6,0.0,12.1,4.85
2023-02-10,1.8,-1.1,24.8,8.1,0.35
2023-02-11,12.6,2.0,0.0,13.4,7.3
2023-02-12,15.4,2.5,0.0,8.6,8.95
2023-02-13,7.8,4.7,14.9,8.6,6.25
2023-02-14,8.7,1.8,0.0,13.3,5.25
2023-02-15,6.2,-0.6,0.0,11.6,2.8000000000000003
2023-02-16,7.0,-1.0,0.0,7.6,3.0
2023-02-17,9.6,0.1,0.0,5.7,4.85
2023-02-18,13.0,0.2,0.0,4.4,6.6
2023-02-19,18.8,4.3,0.0,11.7,11.55
2023-02-20,12.2,3.9,0.0,11.9,8.049999999999999
2023-02-21,6.6,0.9,0.0,12.3,3.75
2023-02-22,8.6,-0.2,0.0,7.6,4.2
2023-02-23,13.6,2.3,0.0,5.2,7.949999999999999
2023-02-24,11.8,3.3,1.4,5.0,7.550000000000001
2023-02-25,9.3,2.5,0.0,12.0,5.9
2023-02-26,8.1,1.2,0.0,11.9,4.6499999999999995
2023-02-27,12.8,2.0,0.0,7.8,7.4
2023-02-28,17.0,2.2,0.0,11.1,9.6
2023-03-01,17.9,6.1,0.0,10.7,12.0
2023-03-02,15.4,4.8,0.1,14.7,10.1
2023-03-03,10.5,1.2,0.0,8.1,5.85
2023-03-04,15.0,3.5,0.0,9.2,9.25
2023-03-05,10.9,4.2,1.2,6.2,7.550000000000001
2023-03-06,12.5,5.2,4.7,6.0,8.85
2023-03-07,17.1,3.3,0.0,5.5,10.2
2023-03-08,19.0,3.9,0.0,8.3,11.45
2023-03-09,20.2,5.9,0.0,9.0,13.05
2023-03-10,20.2,10.9,1.5,8.1,15.55
2023-03-11,18.0,4.9,0.0,5.2,11.45
2023-03-12,17.1,4.9,0.0,7.3,11.0
2023-03-13,15.9,8.1,5.8,11.3,12.0
2023-03-14,12.8,6.2,0.0,8.1,9.5
2023-03-15,15.8,4.3,0.0,5.7,10.05
2023-03-16,19.2,4.7,0.0,6.4,11.95
2023-03-17,15.4,8.2,3.6,6.5,11.8
2023-03-18,7.8,5.6,32.2,7.9,6.699999999999999
2023-03-19,13.9,4.3,0.0,5.5,9.1
2023-03-20,17.2,4.1,0.0,8.8,10.65
2023-03-21,17.6,6.6,0.0,5.5,12.1
2023-03-22,21.4,8.9,0.0,7.1,15.15
2023-03-23,17.0,10.4,11.9,9.3,13.7
2023-03-24,19.3,11.6,5.9,8.4,15.45
2023-03-25,12.9,7.9,23.0,8.7,10.4
2023-03-26,11.4,7.8,14.1,7.6,9.6
2023-03-27,14.9,9.5,0.0,10.6,12.2
2023-03-28,12.4,7.2,0.0,5.9,9.8
2023-03-29,17.1,6.6,1.2,5.6,11.85
2023-03-30,18.4,9.1,1.2,7.3,13.75
2023-03-31,19.2,7.4,0.0,8.6,13.3
2023-04-01,20.5,6.8,0.0,8.1,13.65
2023-04-02,16.1,9.5,0.1,8.0,12.8
2023-04-03,16.4,7.8,0.0,8.2,12.1
2023-04-04,18.5,5.1,0.0,5.5,11.8
2023-04-05,20.1,6.5,0.0,9.8,13.3
2023-04-06,19.9,14.1,0.5,12.4,17.0
2023-04-07,19.3,17.1,10.1,14.4,18.200000000000003
2023-04-08,19.3,8.4,8.0,12.7,13.85
2023-04-09,16.1,5.7,0.0,9.1,10.9
2023-04-10,19.4,5.1,0.0,10.3,12.25
2023-04-11,23.0,9.1,0.0,13.2,16.05
2023-04-12,22.3,13.1,1.7,13.8,17.7
2023-04-13,18.8,8.9,0.0,8.2,13.85
2023-04-14,21.7,10.9,0.0,8.8,16.3
2023-04-15,14.1,11.9,22.1,6.6,13.0
2023-04-16,22.3,12.1,2.7,6.4,17.2
2023-04-17,17.6,10.2,0.7,11.7,13.9
2023-04-18,17.5,7.2,1.1,6.3,12.35
2023-04-19,24.3,8.6,0.0,6.0,16.45
2023-04-20,23.8,14.1,0.0,9.0,18.95
2023-04-21,25.5,14.2,0.0,8.0,19.85
2023-04-22,20.2,10.4,0.0,10.9,15.3
2023-04-23,17.8,8.1,0.0,8.2,12.95
2023-04-24,14.4,9.1,0.0,9.0,11.75
2023-04-25,17.0,7.0,0.0,8.4,12.0
2023-04-26,19.1,12.0,19.6,11.3,15.55
2023-04-27,21.5,11.7,0.0,10.4,16.6
2023-04-28,22.6,11.1,0.0,9.7,16.85
2023-04-29,22.1,13.7,1.7,12.6,17.9
2023-04-30,21.8,16.5,10.0,12.0,19.15
2023-05-01,20.9,13.0,0.7,9.3,16.95
2023-05-02,20.5,10.6,0.0,11.4,15.55
2023-05-03,22.9,9.1,0.0,8.7,16.0
2023-05-04,24.3,11.4,0.0,8.7,17.85
2023-05-05,24.6,12.6,0.0,12.2,18.6
2023-05-06,26.1,18.1,0.0,15.8,22.1
2023-05-07,21.2,12.9,46.8,11.9,17.05
2023-05-08,19.9,10.6,63.0,14.5,15.25
2023-05-09,19.4,9.9,0.0,7.4,14.65
2023-05-10,23.5,9.3,0.0,8.4,16.4
2023-05-11,20.8,12.5,6.6,7.1,16.65
2023-05-12,20.4,11.1,0.0,8.5,15.75
2023-05-13,18.0,14.4,2.5,7.6,16.2
2023-05-14,19.6,14.6,5.4,7.5,17.1
2023-05-15,18.5,14.8,9.8,6.6,16.65
2023-05-16,26.0,12.8,0.0,8.4,19.4
2023-05-17,30.2,13.1,0.0,7.8,21.65
2023-05-18,30.4,15.9,0.0,9.0,23.15
2023-05-19,22.5,17.1,15.4,9.6,19.8
2023-05-20,22.8,16.8,0.8,7.1,19.8
2023-05-21,25.9,15.9,0.0,7.9,20.9
2023-05-22,28.0,16.5,0.9,10.5,22.25
2023-05-23,15.4,13.4,16.4,7.9,14.4
2023-05-24,22.3,13.1,0.0,11.4,17.7
2023-05-25,22.3,13.4,0.0,7.6,17.85
2023-05-26,23.5,15.4,0.0,8.9,19.45
2023-05-27,25.5,15.4,0.0,7.9,20.45
2023-05-28,23.8,17.1,0.0,10.1,20.450000000000003
2023-05-29,20.5,17.7,31.5,3.4,19.1
2023-05-30,25.1,18.0,2.9,8.4,21.55
2023-05-31,21.6,17.6,8.9,8.7,19.6
2023-06-01,24.0,14.4,0.1,10.9,19.2
2023-06-02,23.6,19.8,128.8,16.9,21.700000000000003
2023-06-03,24.0,18.0,103.4,13.9,21.0
2023-06-04,25.7,16.4,0.0,10.1,21.049999999999997
2023-06-05,27.9,16.8,0.0,8.4,22.35
2023-06-06,25.4,16.3,5.2,10.7,20.85
2023-06-07,28.5,17.5,7.0,6.5,23.0
2023-06-08,27.2,18.7,3.9,7.3,22.95
2023-06-09,24.7,18.8,47.7,8.2,21.75
2023-06-10,25.7,20.0,0.0,7.9,22.85
2023-06-11,23.2,20.1,20.4,5.9,21.65
2023-06-12,22.6,20.3,12.8,4.8,21.450000000000003
2023-06-13,28.3,20.2,0.8,7.9,24.25
2023-06-14,24.5,21.1,1.9,5.7,22.8
2023-06-15,24.2,20.5,10.7,4.7,22.35
2023-06-16,28.9,19.8,0.5,10.2,24.35
2023-06-17,30.0,18.5,0.0,8.0,24.25
2023-06-18,30.8,19.6,0.0,8.0,25.200000000000003
2023-06-19,26.3,20.1,0.3,8.3,23.200000000000003
2023-06-20,25.5,18.9,0.0,7.7,22.2
2023-06-21,26.2,18.3,0.0,7.1,22.25
2023-06-22,21.0,16.4,11.3,6.6,18.7
2023-06-23,25.7,16.5,0.4,6.7,21.1
2023-06-24,28.0,20.3,0.1,6.6,24.15
2023-06-25,29.8,21.5,0.1,8.9,25.65
2023-06-26,29.2,21.5,0.0,7.3,25.35
2023-06-27,27.9,22.2,0.8,5.2,25.049999999999997
2023-06-28,30.9,23.2,0.1,8.8,27.049999999999997
2023-06-29,32.4,22.6,0.9,5.4,27.5
2023-06-30,28.6,23.4,10.9,10.7,26.0
2023-07-01,28.0,23.0,32.3,9.7,25.5
2023-07-02,31.8,21.1,6.6,8.4,26.450000000000003
2023-07-03,31.5,22.7,0.2,7.3,27.1
2023-07-04,29.1,22.9,2.4,7.6,26.0
2023-07-05,27.5,22.1,0.7,9.5,24.8
2023-07-06,32.2,22.9,5.8,7.7,27.55
2023-07-07,33.0,22.5,0.0,10.1,27.75
2023-07-08,31.1,24.0,1.0,9.2,27.55
2023-07-09,31.4,24.1,0.7,9.5,27.75
2023-07-10,35.2,25.0,0.0,7.2,30.1
2023-07-11,33.5,24.5,0.0,8.0,29.0
2023-07-12,35.5,24.2,0.9,7.4,29.85
2023-07-13,31.1,24.0,1.9,7.6,27.55
2023-07-14,28.5,23.4,0.6,4.6,25.95
2023-07-15,30.9,25.0,0.0,8.2,27.95
2023-07-16,35.3,25.6,0.0,7.6,30.45
2023-07-17,34.5,24.9,0.0,8.4,29.7
2023-07-18,35.6,23.6,0.0,6.1,29.6
2023-07-19,32.7,24.0,0.0,8.9,28.35
2023-07-20,30.9,24.1,2.5,6.9,27.5
2023-07-21,29.7,22.8,2.0,6.5,26.25
2023-07-22,30.9,22.2,0.0,6.7,26.549999999999997
2023-07-23,31.8,22.2,0.0,7.3,27.0
2023-07-24,32.2,21.9,0.0,8.6,27.05
2023-07-25,33.7,23.0,0.0,6.7,28.35
2023-07-26,34.9,21.8,0.0,7.2,28.35
2023-07-27,33.0,24.2,0.0,8.0,28.6
2023-07-28,33.3,25.5,0.0,8.8,29.4
2023-07-29,33.0,24.9,0.0,8.6,28.95
2023-07-30,33.9,23.8,0.0,9.0,28.85
2023-07-31,33.7,26.0,0.0,8.7,29.85
2023-08-01,30.0,24.5,0.5,4.7,27.25
2023-08-02,33.8,22.4,0.0,9.7,28.1
2023-08-03,33.1,25.5,0.1,9.8,29.3
2023-08-04,34.3,25.0,0.1,6.9,29.65
2023-08-05,33.3,25.5,0.2,9.8,29.4
2023-08-06,30.6,26.0,4.5,6.7,28.3
2023-08-07,31.3,25.6,0.6,7.1,28.450000000000003
2023-08-08,31.9,24.7,0.9,6.1,28.299999999999997
2023-08-09,29.6,26.0,7.7,5.8,27.8
2023-08-10,32.1,25.5,0.0,8.2,28.8
2023-08-11,33.0,24.6,0.0,8.3,28.8
2023-08-12,32.7,24.4,0.0,7.5,28.55
2023-08-13,30.5,25.0,11.9,5.6,27.75
2023-08-14,31.1,25.7,5.9,7.4,28.4
2023-08-15,31.1,26.4,16.6,9.6,28.75
2023-08-16,30.1,25.8,3.9,9.7,27.950000000000003
2023-08-17,32.7,26.0,1.1,8.2,29.35
2023-08-18,33.6,26.0,0.0,8.0,29.8
2023-08-19,33.9,25.6,0.1,5.4,29.75
2023-08-20,33.1,24.8,0.7,4.3,28.950000000000003
2023-08-21,32.7,25.2,0.6,6.0,28.950000000000003
2023-08-22,31.4,25.5,4.6,5.9,28.45
2023-08-23,30.8,25.5,6.8,7.6,28.15
2023-08-24,31.6,25.7,0.9,9.0,28.65
2023-08-25,32.5,25.4,0.3,7.7,28.95
2023-08-26,31.0,24.5,1.7,7.2,27.75
2023-08-27,29.5,24.0,5.9,5.9,26.75
2023-08-28,32.2,24.4,0.1,5.9,28.3
2023-08-29,33.4,25.1,0.2,8.4,29.25
2023-08-30,32.7,24.7,0.0,8.3,28.700000000000003
2023-08-31,32.5,25.4,0.0,8.6,28.95
2023-09-01,32.2,24.5,0.0,9.4,28.35
2023-09-02,32.5,24.0,0.0,7.0,28.25
2023-09-03,31.9,24.0,0.9,7.6,27.95
2023-09-04,29.0,24.9,29.2,7.2,26.95
2023-09-05,33.2,24.9,0.0,9.0,29.05
2023-09-06,30.0,23.9,0.6,8.1,26.95
2023-09-07,29.4,23.4,1.2,5.7,26.4
2023-09-08,24.1,20.9,96.6,11.0,22.5
2023-09-09,29.5,21.9,4.9,6.9,25.7
2023-09-10,31.5,24.2,0.0,8.0,27.85
2023-09-11,30.5,24.5,0.1,7.2,27.5
2023-09-12,30.5,23.9,0.2,6.4,27.2
2023-09-13,31.5,21.8,0.0,4.7,26.65
2023-09-14,31.2,23.8,0.0,8.0,27.5
2023-09-15,28.1,24.1,1.9,3.9,26.1
2023-09-16,32.0,23.9,0.0,6.9,27.95
2023-09-17,31.9,24.5,0.4,8.7,28.2
2023-09-18,31.9,25.6,0.1,9.1,28.75
2023-09-19,31.9,24.2,0.0,8.0,28.049999999999997
2023-09-20,30.9,23.2,11.2,4.3,27.049999999999997
2023-09-21,28.0,23.1,3.3,12.8,25.55
2023-09-22,27.2,22.7,27.4,7.9,24.95
2023-09-23,24.0,20.9,7.3,6.3,22.45
2023-09-24,26.3,19.4,0.0,8.2,22.85
2023-09-25,25.9,17.4,0.0,7.4,21.65
2023-09-26,27.1,19.1,0.0,5.1,23.1
2023-09-27,28.4,20.9,0.0,4.0,24.65
2023-09-28,31.8,21.9,0.0,5.1,26.85
2023-09-29,28.0,22.7,4.4,6.4,25.35
2023-09-30,26.4,21.1,0.0,5.8,23.75
2023-10-01,27.3,21.7,0.8,6.0,24.5
2023-10-02,25.9,19.4,0.0,7.2,22.65
2023-10-03,25.6,16.5,0.0,5.8,21.05
2023-10-04,20.3,17.3,8.2,5.4,18.8
2023-10-05,26.8,17.1,0.3,12.5,21.950000000000003
2023-10-06,24.0,16.4,0.0,10.7,20.2
2023-10-07,23.4,15.1,0.0,10.5,19.25
2023-10-08,21.4,14.6,1.1,7.4,18.0
2023-10-09,17.5,13.9,23.6,8.6,15.7
2023-10-10,25.0,16.7,10.5,8.8,20.85
2023-10-11,23.6,17.4,0.0,8.9,20.5
2023-10-12,22.7,14.8,0.0,5.4,18.75
2023-10-13,22.4,14.6,0.0,6.0,18.5
2023-10-14,22.1,12.1,0.0,5.4,17.1
2023-10-15,18.0,14.0,52.4,13.0,16.0
2023-10-16,24.5,13.5,0.0,6.3,19.0
2023-10-17,24.4,15.5,0.0,6.6,19.95
2023-10-18,23.0,13.1,0.0,5.9,18.05
2023-10-19,24.9,13.6,0.0,8.4,19.25
2023-10-20,25.4,15.1,0.0,13.2,20.25
2023-10-21,21.4,14.1,0.0,10.5,17.75
2023-10-22,18.6,11.1,0.0,7.2,14.85
2023-10-23,21.6,11.3,0.0,4.3,16.450000000000003
2023-10-24,22.0,12.5,0.0,5.2,17.25
2023-10-25,21.6,12.9,0.3,5.6,17.25
2023-10-26,22.2,12.9,0.0,5.5,17.55
2023-10-27,22.1,12.8,0.0,5.0,17.450000000000003
2023-10-28,19.8,13.6,0.0,6.7,16.7
2023-10-29,18.6,13.2,2.9,7.7,15.9
2023-10-30,20.8,12.1,0.0,5.0,16.45
2023-10-31,19.8,12.3,0.0,4.0,16.05
2023-11-01,22.2,12.2,0.0,4.8,17.2
2023-11-02,23.9,12.1,0.0,4.7,18.0
2023-11-03,23.6,11.6,0.0,4.8,17.6
2023-11-04,24.8,11.9,0.0,4.5,18.35
2023-11-05,21.8,15.5,0.0,4.8,18.65
2023-11-06,24.1,16.0,0.2,9.4,20.05
2023-11-07,24.8,16.6,20.4,16.2,20.700000000000003
2023-11-08,20.1,13.0,0.0,10.0,16.55
2023-11-09,19.9,10.9,0.0,4.3,15.4
2023-11-10,15.9,11.8,6.2,4.7,13.85
2023-11-11,15.6,10.2,0.0,14.2,12.9
2023-11-12,11.4,8.2,0.0,5.2,9.8
2023-11-13,14.2,7.9,0.0,10.0,11.05
2023-11-14,17.0,7.4,0.0,6.2,12.2
2023-11-15,13.6,9.6,0.0,6.5,11.6
2023-11-16,16.4,7.4,0.0,5.4,11.9
2023-11-17,12.4,9.6,56.3,9.2,11.0
2023-11-18,15.9,8.4,0.0,11.0,12.15
2023-11-19,17.9,8.1,0.0,8.4,13.0
2023-11-20,16.6,7.9,0.0,10.9,12.25
2023-11-21,16.2,6.2,0.0,5.8,11.2
2023-11-22,18.9,6.8,0.0,4.1,12.85
2023-11-23,20.7,10.1,0.2,7.3,15.4
2023-11-24,22.0,9.8,0.0,10.3,15.9
2023-11-25,11.9,6.8,0.0,11.2,9.35
2023-11-26,7.4,5.2,0.1,5.9,6.300000000000001
2023-11-27,14.6,5.6,0.0,4.1,10.1
2023-11-28,20.9,9.2,0.3,9.9,15.05
2023-11-29,16.2,6.8,0.0,7.1,11.5
2023-11-30,14.9,6.6,0.0,11.2,10.75
2023-12-01,11.1,4.9,0.0,7.4,8.0
2023-12-02,11.6,3.5,0.0,5.2,7.55
2023-12-03,14.6,4.0,0.0,7.1,9.3
2023-12-04,12.8,5.3,0.0,5.7,9.05
2023-12-05,9.4,4.4,0.0,5.2,6.9
2023-12-06,15.6,7.2,4.1,6.8,11.4
2023-12-07,19.2,6.9,0.0,11.2,13.05
2023-12-08,15.9,4.8,0.0,8.0,10.35
2023-12-09,17.1,5.2,0.0,4.0,11.15
2023-12-10,17.9,5.4,0.0,5.2,11.65
2023-12-11,14.9,9.5,0.0,5.8,12.2
2023-12-12,15.1,8.8,23.5,9.7,11.95
2023-12-13,13.9,6.8,0.2,8.5,10.35
2023-12-14,12.9,4.8,0.0,4.2,8.85
2023-12-15,18.2,5.9,0.6,15.9,12.05
2023-12-16,21.5,10.3,0.0,12.1,15.9
2023-12-17,14.9,4.1,0.0,10.0,9.5
2023-12-18,9.7,2.5,0.0,8.0,6.1
2023-12-19,8.8,2.3,0.0,4.7,5.550000000000001
2023-12-20,12.4,3.6,0.0,4.8,8.0
2023-12-21,11.5,3.3,0.0,8.3,7.4
2023-12-22,9.1,0.4,0.0,7.4,4.75
2023-12-23,8.8,-0.1,0.0,4.3,4.3500000000000005
2023-12-24,9.3,0.6,0.0,4.1,4.95
2023-12-25,11.1,0.8,0.0,5.1,5.95
2023-12-26,11.6,1.8,0.0,6.4,6.7
2023-12-27,11.2,3.8,0.0,8.2,7.5
2023-12-28,9.2,2.8,0.0,5.8,6.0
2023-12-29,13.2,1.7,0.0,5.8,7.449999999999999
2023-12-30,12.9,3.5,0.0,5.4,8.2
2023-12-31,11.7,4.6,3.2,5.9,8.149999999999999
2024-01-01,10.4,3.2,0.0,14.2,6.800000000000001
2024-01-02,7.9,1.3,0.1,4.6,4.6000000000000005
2024-01-03,11.1,1.8,0.3,4.0,6.45
2024-01-04,12.6,4.8,0.4,12.7,8.7
2024-01-05,12.4,1.0,0.0,4.2,6.7
2024-01-06,13.8,1.9,0.0,4.7,7.85
2024-01-07,10.7,4.2,0.0,10.5,7.449999999999999
2024-01-08,8.1,2.2,0.0,10.0,5.15
2024-01-09,9.8,-0.2,0.0,4.7,4.800000000000001
2024-01-10,11.3,0.8,0.0,8.9,6.050000000000001
2024-01-11,7.1,1.2,0.0,9.0,4.1499999999999995
2024-01-12,12.5,-0.8,0.0,5.5,5.85
2024-01-13,10.1,1.5,4.3,11.4,5.8
2024-01-14,9.9,0.4,0.0,11.3,5.15
2024-01-15,9.7,2.8,0.0,13.0,6.25
2024-01-16,5.2,0.8,0.0,13.9,3.0
2024-01-17,10.6,-0.2,0.0,5.4,5.2
2024-01-18,12.6,1.5,0.0,3.4,7.05
2024-01-19,13.1,5.5,0.0,6.5,9.3
2024-01-20,5.9,3.2,2.6,6.2,4.550000000000001
2024-01-21,11.1,3.3,29.2,10.5,7.199999999999999
2024-01-22,13.7,6.6,0.0,6.8,10.15
2024-01-23,11.9,4.7,0.0,8.7,8.3
2024-01-24,6.6,0.9,0.0,10.0,3.75
2024-01-25,7.8,-1.9,0.0,11.4,2.95
2024-01-26,9.4,2.1,0.0,10.8,5.75
2024-01-27,10.4,2.3,0.0,9.4,6.35
2024-01-28,9.3,0.8,0.0,5.6,5.050000000000001
2024-01-29,10.1,1.5,0.0,5.6,5.8
2024-01-30,11.6,1.6,0.0,5.2,6.6
2024-01-31,12.9,0.4,0.0,5.4,6.65
2024-02-01,13.9,3.2,1.3,12.3,8.55
2024-02-02,6.8,1.8,0.0,10.4,4.3
2024-02-03,9.7,2.2,0.0,8.9,5.949999999999999
2024-02-04,6.8,2.0,8.4,6.8,4.4
2024-02-05,3.8,0.6,31.1,12.4,2.1999999999999997
2024-02-06,5.4,1.1,1.4,9.4,3.25
2024-02-07,9.2,0.4,0.0,5.1,4.8
2024-02-08,9.9,1.4,0.0,6.5,5.65
2024-02-09,9.9,1.6,0.0,6.7,5.75
2024-02-10,10.9,1.0,0.2,6.4,5.95
2024-02-11,10.7,2.2,0.0,7.9,6.449999999999999
2024-02-12,11.3,2.0,0.1,8.4,6.65
2024-02-13,15.6,-0.3,0.0,8.0,7.65
2024-02-14,16.4,1.7,0.0,5.4,9.05
2024-02-15,18.8,3.5,0.0,17.4,11.15
2024-02-16,15.5,4.4,0.1,15.6,9.95
2024-02-17,11.4,0.9,0.0,6.3,6.15
2024-02-18,16.2,5.4,0.0,6.5,10.8
2024-02-19,16.0,9.2,2.3,12.8,12.6
2024-02-20,21.9,12.6,3.3,12.2,17.25
2024-02-21,12.1,5.3,3.0,6.5,8.7
2024-02-22,6.1,3.5,13.5,7.3,4.8
2024-02-23,3.7,1.0,11.5,6.6,2.35
2024-02-24,9.0,0.8,0.0,5.7,4.9
2024-02-25,3.5,1.6,7.4,8.9,2.55
2024-02-26,10.6,4.1,3.0,15.9,7.35
2024-02-27,8.4,3.4,0.0,17.4,5.9
2024-02-28,11.9,3.8,0.0,12.3,7.85
2024-02-29,10.8,1.6,3.7,4.4,6.2
2024-03-01,15.0,3.2,16.9,10.8,9.1
2024-03-02,8.1,3.0,0.0,11.3,5.55
2024-03-03,11.6,0.6,0.0,7.2,6.1
2024-03-04,13.4,1.0,0.0,8.0,7.2
2024-03-05,8.0,1.1,22.6,8.8,4.55
2024-03-06,7.3,1.1,12.6,10.7,4.2
2024-03-07,9.6,4.3,0.0,8.4,6.949999999999999
2024-03-08,8.7,0.6,22.7,5.9,4.6499999999999995
2024-03-09,9.4,2.1,0.2,12.5,5.75
2024-03-10,10.9,1.0,0.0,8.9,5.95
2024-03-11,12.4,1.1,0.0,7.2,6.75
2024-03-12,7.2,4.0,29.9,12.9,5.6
2024-03-13,12.2,5.2,0.3,13.2,8.7
2024-03-14,14.1,2.8,0.0,6.9,8.45
2024-03-15,15.6,3.8,0.0,9.4,9.7
2024-03-16,19.1,5.9,0.0,7.8,12.5
2024-03-17,19.5,6.3,0.0,11.4,12.9
2024-03-18,11.8,3.8,0.0,16.1,7.800000000000001
2024-03-19,11.2,3.3,0.0,8.5,7.25
2024-03-20,13.6,3.8,2.2,19.3,8.7
2024-03-21,9.1,3.1,0.0,13.3,6.1
2024-03-22,10.7,1.5,0.0,9.7,6.1
2024-03-23,5.0,1.8,5.5,5.4,3.4
2024-03-24,14.4,2.5,0.9,4.7,8.45
2024-03-25,10.4,9.4,6.4,5.1,9.9
2024-03-26,9.8,4.7,36.3,14.8,7.25
2024-03-27,15.2,6.1,0.0,10.1,10.65
2024-03-28,12.6,5.2,1.4,10.0,8.9
2024-03-29,20.4,11.9,21.6,17.7,16.15
2024-03-30,23.1,10.1,0.0,5.0,16.6
2024-03-31,25.7,9.4,0.0,8.4,17.55
2024-04-01,17.6,9.9,9.4,6.9,13.75
2024-04-02,17.4,5.7,0.0,8.0,11.55
2024-04-03,14.2,7.9,13.6,5.4,11.05
2024-04-04,17.5,10.2,7.2,6.3,13.85
2024-04-05,12.4,8.6,1.1,6.2,10.5
2024-04-06,15.9,8.2,0.0,5.5,12.05
2024-04-07,20.5,11.6,0.5,6.4,16.05
2024-04-08,20.8,13.1,0.2,5.4,16.95
2024-04-09,20.0,8.9,53.2,15.2,14.45
2024-04-10,15.8,6.3,0.0,12.6,11.05
2024-04-11,17.5,5.3,0.0,7.4,11.4
2024-04-12,16.9,9.7,0.1,5.6,13.3
2024-04-13,21.3,9.5,0.0,7.4,15.4
2024-04-14,22.1,10.6,0.0,6.6,16.35
2024-04-15,24.2,10.5,0.0,8.0,17.35
2024-04-16,21.5,13.2,0.0,11.9,17.35
2024-04-17,24.0,15.1,3.2,7.6,19.55
2024-04-18,19.7,12.8,0.7,5.1,16.25
2024-04-19,21.5,12.4,0.0,14.0,16.95
2024-04-20,23.2,10.1,0.0,5.6,16.65
2024-04-21,20.9,12.1,5.2,6.5,16.5
2024-04-22,17.5,13.6,7.3,5.2,15.55
2024-04-23,20.0,12.9,0.0,6.0,16.45
2024-04-24,14.9,13.4,12.6,7.1,14.15
2024-04-25,24.9,13.9,0.1,7.2,19.4
2024-04-26,24.5,12.3,0.0,6.6,18.4
2024-04-27,19.5,16.2,0.1,4.8,17.85
2024-04-28,27.0,14.3,0.0,7.6,20.65
2024-04-29,25.0,14.9,0.0,10.8,19.95
2024-04-30,23.1,17.2,1.4,5.2,20.15
2024-05-01,18.6,11.6,37.1,8.7,15.1
2024-05-02,19.7,10.6,5.0,8.0,15.15
2024-05-03,23.1,9.7,0.0,7.3,16.4
2024-05-04,26.4,12.5,0.0,7.4,19.45
2024-05-05,26.5,12.8,0.0,10.5,19.65
2024-05-06,21.5,16.9,0.0,12.4,19.2
2024-05-07,20.2,17.5,10.7,10.9,18.85
2024-05-08,21.5,11.9,14.3,8.3,16.7
2024-05-09,16.4,10.1,5.4,6.2,13.25
2024-05-10,22.9,8.4,0.0,9.7,15.65
2024-05-11,24.1,12.9,0.0,11.9,18.5
2024-05-12,23.0,16.5,0.0,10.1,19.75
2024-05-13,21.4,15.1,38.2,11.8,18.25
2024-05-14,21.4,14.6,0.3,8.6,18.0
2024-05-15,24.5,12.2,1.1,7.3,18.35
2024-05-16,24.3,15.6,10.5,13.9,19.95
2024-05-17,25.0,13.1,0.0,7.4,19.05
2024-05-18,26.8,13.5,0.0,7.5,20.15
2024-05-19,20.0,15.6,3.7,4.3,17.8
2024-05-20,22.5,14.1,29.2,5.2,18.3
2024-05-21,27.5,16.8,0.9,8.4,22.15
2024-05-22,22.9,17.2,0.0,6.9,20.049999999999997
2024-05-23,24.7,16.6,0.0,7.6,20.65
2024-05-24,27.8,16.8,0.0,9.4,22.3
2024-05-25,24.2,16.9,0.0,10.1,20.549999999999997
2024-05-26,24.0,15.2,0.0,9.7,19.6
2024-05-27,23.1,18.5,1.0,10.8,20.8
2024-05-28,25.0,20.5,22.6,16.3,22.75
2024-05-29,26.1,18.3,2.5,11.5,22.200000000000003
2024-05-30,26.5,16.2,0.0,8.0,21.35
2024-05-31,20.6,17.1,37.0,8.6,18.85
2024-06-01,25.5,17.1,0.8,7.4,21.3
2024-06-02,22.2,16.7,38.1,7.1,19.45
2024-06-03,23.5,16.4,9.7,6.9,19.95
2024-06-04,24.2,15.6,0.1,6.9,19.9
2024-06-05,26.6,16.2,0.0,7.5,21.4
2024-06-06,25.0,17.4,0.0,9.1,21.2
2024-06-07,24.8,18.5,0.0,7.6,21.65
2024-06-08,27.1,16.4,0.0,7.9,21.75
2024-06-09,24.1,18.2,0.0,8.3,21.15
2024-06-10,23.6,18.3,9.5,6.2,20.950000000000003
2024-06-11,27.8,18.8,0.0,8.8,23.3
2024-06-12,28.7,18.6,0.0,8.1,23.65
2024-06-13,24.5,19.1,0.0,5.5,21.8
2024-06-14,30.6,18.5,0.0,7.8,24.55
2024-06-15,28.7,19.0,0.2,6.9,23.85
2024-06-16,27.6,20.5,10.1,7.9,24.05
2024-06-17,29.5,21.6,0.7,5.6,25.55
2024-06-18,21.6,18.5,69.9,6.9,20.05
2024-06-19,29.1,17.4,0.0,8.4,23.25
2024-06-20,29.2,19.0,0.0,9.4,24.1
2024-06-21,22.1,18.6,38.4,9.3,20.35
2024-06-22,29.6,17.0,0.1,9.8,23.3
2024-06-23,22.2,20.6,40.1,6.3,21.4
2024-06-24,32.8,20.6,0.6,7.2,26.7
2024-06-25,31.2,23.4,0.0,5.1,27.299999999999997
2024-06-26,30.1,22.8,2.7,7.4,26.450000000000003
2024-06-27,27.6,21.5,0.0,7.9,24.55
2024-06-28,23.5,20.9,90.8,5.9,22.2
2024-06-29,27.7,21.0,1.5,6.2,24.35
2024-06-30,28.5,21.9,10.2,11.4,25.2
2024-07-01,29.4,24.9,30.9,12.6,27.15
2024-07-02,30.9,23.4,1.2,5.9,27.15
2024-07-03,31.0,22.5,0.4,5.9,26.75
2024-07-04,33.5,23.6,0.2,7.2,28.55
2024-07-05,34.7,23.8,0.0,6.6,29.25
2024-07-06,33.8,24.5,1.1,7.1,29.15
2024-07-07,34.0,23.6,0.0,6.4,28.8
2024-07-08,35.0,24.5,0.0,5.7,29.75
2024-07-09,34.3,24.2,5.1,6.8,29.25
2024-07-10,32.5,24.0,5.3,9.7,28.25
2024-07-11,28.5,24.5,5.4,12.5,26.5
2024-07-12,25.5,22.1,17.4,5.0,23.8
2024-07-13,30.8,22.2,0.1,8.3,26.5
2024-07-14,28.8,24.0,12.1,6.4,26.4
2024-07-15,26.6,23.1,1.4,9.0,24.85
2024-07-16,25.1,22.2,12.1,4.6,23.65
2024-07-17,29.1,22.4,6.9,4.2,25.75
2024-07-18,32.0,23.8,0.3,7.0,27.9
2024-07-19,33.5,24.9,0.0,6.4,29.2
2024-07-20,36.0,26.0,6.5,8.9,31.0
2024-07-21,33.0,25.3,8.7,6.9,29.15
2024-07-22,35.5,25.1,5.6,7.6,30.3
2024-07-23,34.5,24.0,0.0,7.3,29.25
2024-07-24,36.2,25.7,0.0,6.3,30.950000000000003
2024-07-25,34.0,24.6,0.3,5.6,29.3
2024-07-26,35.1,24.6,0.7,6.6,29.85
2024-07-27,33.2,25.2,0.3,5.9,29.200000000000003
2024-07-28,35.5,25.2,0.0,6.8,30.35
2024-07-29,36.2,26.9,0.0,9.2,31.55
2024-07-30,36.0,26.5,3.3,6.4,31.25
2024-07-31,33.7,25.6,20.0,6.7,29.65
2024-08-01,32.2,24.5,0.2,6.8,28.35
2024-08-02,33.0,24.1,0.0,6.9,28.55
2024-08-03,32.5,24.4,0.0,6.2,28.45
2024-08-04,33.6,24.1,0.0,6.8,28.85
2024-08-05,31.9,24.7,0.0,6.1,28.299999999999997
2024-08-06,32.2,25.1,3.0,4.7,28.65
2024-08-07,32.8,25.3,8.6,7.6,29.049999999999997
2024-08-08,32.0,24.5,12.9,4.9,28.25
2024-08-09,33.4,25.4,0.0,6.9,29.4
2024-08-10,32.9,25.5,0.0,7.6,29.2
2024-08-11,34.3,25.4,0.0,7.3,29.85
2024-08-12,34.0,26.2,0.0,8.6,30.1
2024-08-13,33.8,26.6,0.4,6.7,30.2
2024-08-14,32.4,25.4,0.8,6.6,28.9
2024-08-15,32.5,25.0,0.3,6.9,28.75
2024-08-16,27.5,26.3,57.4,13.5,26.9
2024-08-17,35.2,26.5,2.1,11.0,30.85
2024-08-18,32.9,25.7,0.6,4.3,29.299999999999997
2024-08-19,33.2,25.0,0.3,5.7,29.1
2024-08-20,32.3,23.9,2.6,6.3,28.1
2024-08-21,31.2,25.0,14.2,6.2,28.1
2024-08-22,28.8,24.6,7.2,6.6,26.700000000000003
2024-08-23,30.7,26.3,0.0,6.8,28.5
2024-08-24,30.9,25.9,1.3,7.3,28.4
2024-08-25,30.9,24.5,3.0,9.4,27.7
2024-08-26,31.8,25.0,0.0,8.8,28.4
2024-08-27,28.8,25.8,6.2,8.8,27.3
2024-08-28,30.5,24.7,1.7,6.5,27.6
2024-08-29,28.8,23.9,82.1,8.7,26.35
2024-08-30,26.8,25.7,86.4,8.7,26.25
2024-08-31,28.9,26.3,28.9,8.0,27.6
2024-09-01,30.0,24.1,28.0,8.4,27.05
2024-09-02,32.0,26.5,0.6,11.3,29.25
2024-09-03,27.1,22.9,2.0,6.2,25.0
2024-09-04,29.1,22.1,0.9,6.9,25.6
2024-09-05,30.5,22.0,0.0,5.6,26.25
2024-09-06,32.5,22.8,0.0,6.2,27.65
2024-09-07,32.3,23.6,0.0,6.9,27.95
2024-09-08,31.8,23.8,0.0,5.7,27.8
2024-09-09,32.5,24.2,1.2,7.4,28.35
2024-09-10,31.8,23.9,0.0,6.6,27.85
2024-09-11,32.6,24.9,0.1,6.6,28.75
2024-09-12,32.3,25.1,0.4,7.3,28.7
2024-09-13,32.3,25.5,0.0,8.8,28.9
2024-09-14,32.5,24.9,0.0,8.6,28.7
2024-09-15,32.7,25.4,1.8,10.3,29.05
2024-09-16,29.0,23.5,6.9,6.6,26.25
2024-09-17,31.8,22.0,0.0,6.8,26.9
2024-09-18,33.4,24.8,0.2,4.7,29.1
2024-09-19,30.2,23.6,0.8,4.1,26.9
2024-09-20,32.5,23.5,0.0,6.4,28.0
2024-09-21,32.9,22.5,1.3,7.8,27.7
2024-09-22,29.6,21.9,11.5,13.8,25.75
2024-09-23,26.8,19.9,2.6,8.3,23.35
2024-09-24,23.5,18.0,0.0,8.3,20.75
2024-09-25,20.6,16.9,0.6,8.9,18.75
2024-09-26,27.2,20.6,0.0,8.7,23.9
2024-09-27,23.4,21.9,11.5,6.2,22.65
2024-09-28,27.6,21.8,0.0,5.8,24.700000000000003
2024-09-29,25.5,20.8,0.0,6.6,23.15
2024-09-30,23.0,19.8,0.4,5.5,21.4
2024-10-01,23.5,19.4,0.3,7.8,21.45
2024-10-02,30.2,20.2,0.0,9.0,25.2
2024-10-03,25.4,21.1,6.8,6.8,23.25
2024-10-04,28.3,22.5,7.5,9.6,25.4
2024-10-05,23.0,19.5,14.3,5.5,21.25
2024-10-06,24.3,19.6,0.6,4.8,21.950000000000003
2024-10-07,28.1,20.0,0.0,8.9,24.05
2024-10-08,23.0,15.4,22.6,7.2,19.2
2024-10-09,17.3,15.4,50.4,10.1,16.35
2024-10-10,21.0,15.9,0.2,8.7,18.45
2024-10-11,24.0,14.9,0.0,4.5,19.45
2024-10-12,24.6,15.9,0.0,5.4,20.25
2024-10-13,25.4,16.3,0.0,6.7,20.85
2024-10-14,24.3,15.4,0.0,6.2,19.85
2024-10-15,25.6,16.7,0.0,5.6,21.15
2024-10-16,25.5,16.7,0.0,4.0,21.1
2024-10-17,25.4,18.8,0.0,5.4,22.1
2024-10-18,22.5,19.0,1.5,5.0,20.75
2024-10-19,29.8,19.9,4.5,12.3,24.85
2024-10-20,21.2,12.6,0.0,13.7,16.9
2024-10-21,19.4,10.3,0.0,7.2,14.85
2024-10-22,22.0,13.4,0.0,5.8,17.7
2024-10-23,24.4,16.6,13.7,8.7,20.5
2024-10-24,25.5,19.1,0.0,6.6,22.3
2024-10-25,20.9,16.9,1.7,5.2,18.9
2024-10-26,20.8,15.9,0.0,4.9,18.35
2024-10-27,22.8,15.9,0.9,4.0,19.35
2024-10-28,20.0,16.3,10.6,5.6,18.15
2024-10-29,17.6,11.9,17.9,7.4,14.75
2024-10-30,22.0,12.0,14.7,13.3,17.0
2024-10-31,20.5,13.0,0.0,6.9,16.75
2024-11-01,21.5,11.6,5.1,4.8,16.55
2024-11-02,16.8,14.2,44.3,11.2,15.5
2024-11-03,21.5,14.3,0.1,8.7,17.9
2024-11-04,22.5,10.2,0.0,9.3,16.35
2024-11-05,19.7,11.9,0.0,7.4,15.8
2024-11-06,15.3,12.3,0.1,6.6,13.8
2024-11-07,15.6,9.8,0.0,11.3,12.7
2024-11-08,14.9,9.0,0.0,10.6,11.95
2024-11-09,16.4,7.9,0.0,5.8,12.15
2024-11-10,16.0,9.5,0.2,6.3,12.75
2024-11-11,20.9,13.1,0.0,5.4,17.0
2024-11-12,20.4,10.8,0.0,4.9,15.6
2024-11-13,19.5,12.4,0.0,8.8,15.95
2024-11-14,18.7,10.6,0.0,5.2,14.65
2024-11-15,17.6,13.0,9.8,5.6,15.3
2024-11-16,18.0,12.9,0.0,6.8,15.45
2024-11-17,21.8,14.5,0.0,7.3,18.15
2024-11-18,16.9,8.8,0.6,11.7,12.85
2024-11-19,11.8,6.2,0.0,12.5,9.0
2024-11-20,7.6,5.1,4.7,5.9,6.35
2024-11-21,13.2,7.7,2.6,6.9,10.45
2024-11-22,17.8,8.0,0.0,7.8,12.9
2024-11-23,14.2,7.8,0.0,11.6,11.0
2024-11-24,13.6,7.3,0.0,7.3,10.45
2024-11-25,13.6,5.8,0.0,5.8,9.7
2024-11-26,12.6,4.6,3.5,4.6,8.6
2024-11-27,20.5,8.8,28.3,10.1,14.65
2024-11-28,16.5,8.6,0.0,8.9,12.55
2024-11-29,14.9,6.8,0.0,6.7,10.85
2024-11-30,15.4,4.8,0.0,5.5,10.1
2024-12-01,15.6,5.7,0.0,5.1,10.65
2024-12-02,15.4,6.8,0.0,5.2,11.1
2024-12-03,16.9,5.7,0.0,4.7,11.3
2024-12-04,16.3,6.4,0.0,7.1,11.35
2024-12-05,14.5,7.2,0.0,5.9,10.85
2024-12-06,16.0,4.9,0.0,6.5,10.45
2024-12-07,11.5,5.2,0.0,6.4,8.35
2024-12-08,12.1,4.1,0.0,10.3,8.1
2024-12-09,11.3,4.1,0.0,7.5,7.7
2024-12-10,12.4,3.5,0.0,8.6,7.95
2024-12-11,12.7,3.4,0.0,12.3,8.049999999999999
2024-12-12,9.0,3.8,0.0,10.8,6.4
2024-12-13,9.6,1.8,0.0,6.3,5.7
2024-12-14,10.6,3.5,0.0,11.0,7.05
2024-12-15,11.8,0.8,0.0,4.9,6.300000000000001
2024-12-16,11.1,2.8,0.0,4.4,6.949999999999999
2024-12-17,12.8,2.2,0.0,4.8,7.5
2024-12-18,10.8,2.5,0.0,8.5,6.65
2024-12-19,7.9,2.8,0.0,10.4,5.35
2024-12-20,10.9,1.0,0.0,3.9,5.95
2024-12-21,14.6,2.2,0.0,12.7,8.4
2024-12-22,9.3,3.5,0.0,12.6,6.4
2024-12-23,9.5,2.3,0.0,11.5,5.9
